"baseline","oldTSid","TSid","score"
"temp12k_1_0_0","RV6sFgBNSUu",NA,NA
"temp12k_1_0_0","Ry2oSKE2D2P",NA,NA
"temp12k_1_0_0","RJxXebpMVYB",NA,NA
"temp12k_1_0_0","PYTHKXK8JQ3",NA,NA
"temp12k_1_0_0","GH250fcb25","S2LRbOP1AVmCx1",1
"temp12k_1_0_0","RmQKXILNmID","PYT2ED9T23H",1
"temp12k_1_0_0","T2L_ODP_167_1019C_uk37_SST_from_uk37",NA,NA
"temp12k_1_0_0","GHe7662255","NAm_3870",0.999626865671642
"temp12k_1_0_0","PYT5NNRROEV",NA,NA
"temp12k_1_0_0","PYTCDW3ELK3",NA,NA
"temp12k_1_0_0","PYT8K9SZXFO",NA,NA
"temp12k_1_0_0","WEB47072267",NA,NA
"temp12k_1_0_0","RT1Bytelilf",NA,NA
"pages2k_2_0_0","NAm_1492",NA,NA
"pages2k_2_0_0","LPDe1fb72db","LPDe1fb72db-dup",1
