"TSid1","TSid2","keep1","keep2","decision_type","source"
"Ant_030","IC13STWD01A",FALSE,TRUE,"AUTO","DoD2k MNE 2025-12-19"
"Ant_030","IC13STWD01A",FALSE,TRUE,"AUTO","DoD2k MNE 2025-12-19"
"Ant_030","IC13STWD01A",FALSE,TRUE,"AUTO","DoD2k MNE 2025-12-19"
"NAm_1119","NAm_1120",TRUE,FALSE,"MANUAL","DoD2k MNE 2025-12-19"
"Ocean2kHR_096","HE08LRA01_d18O",FALSE,TRUE,"AUTO","DoD2k MNE 2025-12-19"
"Ocean2kHR_096","HE08LRA01_d18O",FALSE,TRUE,"AUTO","DoD2k MNE 2025-12-19"
"Arc_032","Arc_032",FALSE,TRUE,"AUTO","DoD2k MNE 2025-12-19"
"SAm_025","SAm_026",TRUE,FALSE,"AUTO","DoD2k MNE 2025-12-19"
"SAm_017","SAm_018",TRUE,FALSE,"AUTO","DoD2k MNE 2025-12-19"
"Ocean2kHR_171","Ocean2kHR_171",FALSE,TRUE,"AUTO","DoD2k MNE 2025-12-19"
"Ant_023","IC00COPR01A",FALSE,TRUE,"AUTO","DoD2k MNE 2025-12-19"
"LI06FIJ01_d18O","LI06FIJ01_d18O",FALSE,TRUE,"AUTO","DoD2k MNE 2025-12-19"
"LI06FIJ01_d18O","LI06FIJ01_d18O",FALSE,TRUE,"AUTO","DoD2k MNE 2025-12-19"
"CO04LIRA01A","CO04LIRA01A",FALSE,TRUE,"AUTO","DoD2k MNE 2025-12-19"
"Ocean2kHR_006","Ocean2kHR_006_iso2k",FALSE,TRUE,"AUTO","DoD2k MNE 2025-12-19"
"Ocean2kHR_142","CO04BAFI00A",TRUE,FALSE,"MANUAL","DoD2k MNE 2025-12-19"
"Ocean2kHR_142","Ocean2kHR_142",FALSE,TRUE,"AUTO","DoD2k MNE 2025-12-19"
"FE18RUS01_d18O","FE18RUS01_d18O",FALSE,TRUE,"AUTO","DoD2k MNE 2025-12-19"
"FE18RUS01_d18O","FE18RUS01_d18O",FALSE,TRUE,"AUTO","DoD2k MNE 2025-12-19"
"LPD68872399","LPD711f7893",FALSE,TRUE,"MANUAL","DoD2k MNE 2025-12-19"
"LPD3d8f4f9c","LPDa49fbfb8",FALSE,TRUE,"MANUAL","DoD2k MNE 2025-12-19"
"Arc_018","IC05ISAU01A",FALSE,TRUE,"AUTO","DoD2k MNE 2025-12-19"
"NA09MAL01_d18O","NA09MAL01_d18O",FALSE,TRUE,"AUTO","DoD2k MNE 2025-12-19"
"NA09MAL01_d18O","NA09MAL01_d18O",FALSE,TRUE,"AUTO","DoD2k MNE 2025-12-19"
"FE09OGA01_d18O","FE09OGA01_d18O",FALSE,TRUE,"AUTO","DoD2k MNE 2025-12-19"
"FE09OGA01_d18O","FE09OGA01_d18O",FALSE,TRUE,"AUTO","DoD2k MNE 2025-12-19"
"FE09OGA01_SrCa","FE09OGA01_SrCa",FALSE,TRUE,"AUTO","DoD2k MNE 2025-12-19"
"CA07FLI01_d18O","CA07FLI01_d18O",FALSE,TRUE,"AUTO","DoD2k MNE 2025-12-19"
"CA07FLI01_d18O","CA07FLI01_d18O",FALSE,TRUE,"AUTO","DoD2k MNE 2025-12-19"
"CA07FLI01_SrCa","CA07FLI01_SrCa",FALSE,TRUE,"AUTO","DoD2k MNE 2025-12-19"
"Ocean2kHR_133","Ocean2kHR_133",FALSE,TRUE,"AUTO","DoD2k MNE 2025-12-19"
"Ocean2kHR_133","Ocean2kHR_133",FALSE,TRUE,"AUTO","DoD2k MNE 2025-12-19"
"LPD9716f325","LPD9716f325",TRUE,FALSE,"AUTO","DoD2k MNE 2025-12-19"
"LPD9774ea11","LPD9774ea11",TRUE,FALSE,"AUTO","DoD2k MNE 2025-12-19"
"LPDfac5c056","LPD2b450772",TRUE,FALSE,"AUTO","DoD2k MNE 2025-12-19"
"Asia_015","Asia_017",TRUE,FALSE,"AUTO","DoD2k MNE 2025-12-19"
"SAm_0242","SAm_0243",TRUE,FALSE,"AUTO","DoD2k MNE 2025-12-19"
"SAm_0242","SAm_0244",TRUE,FALSE,"AUTO","DoD2k MNE 2025-12-19"
"SAm_0243","SAm_0244",TRUE,FALSE,"AUTO","DoD2k MNE 2025-12-19"
"Ocean2kHR_183","Ocean2kHR_183_iso2k",FALSE,TRUE,"AUTO","DoD2k MNE 2025-12-19"
"Ocean2kHR_183","Ocean2kHR_183_iso2k",FALSE,TRUE,"AUTO","DoD2k MNE 2025-12-19"
"Asia_011","Asia_012",TRUE,FALSE,"AUTO","DoD2k MNE 2025-12-19"
"LPD57d40973","LPDee8a8404",TRUE,FALSE,"AUTO","DoD2k MNE 2025-12-19"
"LPD57d40973","LPDecbc762e",TRUE,FALSE,"MANUAL","DoD2k MNE 2025-12-19"
"LPDee8a8404","LPDecbc762e",FALSE,FALSE,"MANUAL","DoD2k MNE 2025-12-19"
"Arc_034","Arc_034",FALSE,TRUE,"AUTO","DoD2k MNE 2025-12-19"
"CO04LIRA03A","CO04LIRA03A",FALSE,TRUE,"AUTO","DoD2k MNE 2025-12-19"
"CO04LIRA03A","CO04LIRA03A",FALSE,TRUE,"AUTO","DoD2k MNE 2025-12-19"
"AS05GUA01_d18O","AS05GUA01_d18O",FALSE,TRUE,"AUTO","DoD2k MNE 2025-12-19"
"AS05GUA01_d18O","AS05GUA01_d18O",FALSE,TRUE,"AUTO","DoD2k MNE 2025-12-19"
"Ant_033","IC12RHME01A",FALSE,TRUE,"MANUAL","DoD2k MNE 2025-12-19"
"Asia_024","Asia_022",TRUE,FALSE,"AUTO","DoD2k MNE 2025-12-19"
"Arc_044","Arc_044",FALSE,TRUE,"AUTO","DoD2k MNE 2025-12-19"
"CO04LIRA02A","CO04LIRA02A",FALSE,TRUE,"AUTO","DoD2k MNE 2025-12-19"
"CO04LIRA02A","CO04LIRA02A",FALSE,TRUE,"AUTO","DoD2k MNE 2025-12-19"
"Ant_014","Ant_014",FALSE,TRUE,"AUTO","DoD2k MNE 2025-12-19"
"Eur_001","SP05MAAT01A",FALSE,TRUE,"AUTO","DoD2k MNE 2025-12-19"
"Asia_305","Asia_305",FALSE,TRUE,"AUTO","DoD2k MNE 2025-12-19"
"LPD0fd7fc82","LPD0fd7fc82",TRUE,FALSE,"AUTO","DoD2k MNE 2025-12-19"
"Asia_018","Asia_019",TRUE,FALSE,"AUTO","DoD2k MNE 2025-12-19"
"Ocean2kHR_001","CO00MAL01_d18O",FALSE,TRUE,"AUTO","DoD2k MNE 2025-12-19"
"LPD47182517","LPDba471ae7_iso2k",TRUE,FALSE,"AUTO","DoD2k MNE 2025-12-19"
"LPD47182517","LPDba471ae7_iso2k",TRUE,FALSE,"AUTO","DoD2k MNE 2025-12-19"
"LPDba471ae7_iso2k","LPDba471ae7_iso2k",TRUE,FALSE,"AUTO","DoD2k MNE 2025-12-19"
"CO99DRGB01A","CO99DRGB01A",FALSE,TRUE,"AUTO","DoD2k MNE 2025-12-19"
"CO99DRGB01A","CO99DRGB01A",FALSE,TRUE,"AUTO","DoD2k MNE 2025-12-19"
"CO99DRGB01A","CO99DRGB01A",FALSE,TRUE,"AUTO","DoD2k MNE 2025-12-19"
"Ant_017","IC11LAB401A",FALSE,TRUE,"AUTO","DoD2k MNE 2025-12-19"
"Ocean2kHR_116","CO96SWFB01A",FALSE,TRUE,"AUTO","DoD2k MNE 2025-12-19"
"Ant_009","Ant_009",FALSE,TRUE,"AUTO","DoD2k MNE 2025-12-19"
"Ant_027","IC11BEVL01A",FALSE,TRUE,"AUTO","DoD2k MNE 2025-12-19"
"Ocean2kHR_094","Ocean2kHR_094",FALSE,TRUE,"AUTO","DoD2k MNE 2025-12-19"
"Ocean2kHR_007","DA06MAF01_d18O",TRUE,FALSE,"MANUAL","DoD2k MNE 2025-12-19"
"Ocean2kHR_007","DA06MAF02_d18O",TRUE,FALSE,"MANUAL","DoD2k MNE 2025-12-19"
"Ocean2kHR_007","Ocean2kHR_007",FALSE,TRUE,"AUTO","DoD2k MNE 2025-12-19"
"LPDbd07f717","LPD3712c488",TRUE,FALSE,"AUTO","DoD2k MNE 2025-12-19"
"LPDbd07f717","LPD3712c488",TRUE,FALSE,"AUTO","DoD2k MNE 2025-12-19"
"LPD3712c488","LPD3712c488",TRUE,FALSE,"AUTO","DoD2k MNE 2025-12-19"
"Arc_035","Arc_035",FALSE,TRUE,"AUTO","DoD2k MNE 2025-12-19"
"Ant_025","IC11STTA01A",FALSE,TRUE,"AUTO","DoD2k MNE 2025-12-19"
"Ocean2kHR_177","Ocean2kHR_177",FALSE,TRUE,"AUTO","DoD2k MNE 2025-12-19"
"Ocean2kHR_177","CO00URMA01A",FALSE,TRUE,"AUTO","DoD2k MNE 2025-12-19"
"Ocean2kHR_177","CO00URMA01A",FALSE,TRUE,"AUTO","DoD2k MNE 2025-12-19"
"LPD716b88d0","LPD0558014c_iso2k",TRUE,FALSE,"AUTO","DoD2k MNE 2025-12-19"
"Arc_031","Arc_031",FALSE,TRUE,"AUTO","DoD2k MNE 2025-12-19"
"O2kLR_030","O2kLR_030",TRUE,FALSE,"AUTO","DoD2k MNE 2025-12-19"
"NU11PAL01_d18O","Ocean2kHR_139",FALSE,TRUE,"MANUAL","DoD2k MNE 2025-12-19"
"NU11PAL01_d18O","NU11PAL01_d18O",FALSE,TRUE,"AUTO","DoD2k MNE 2025-12-19"
"NU11PAL01_d18O","Ocean2kHR_139_iso2k",FALSE,FALSE,"MANUAL","DoD2k MNE 2025-12-19"
"NU11PAL01_d18O","NU11PAL01_d18O",FALSE,TRUE,"AUTO","DoD2k MNE 2025-12-19"
"NU11PAL01_SrCa","NU11PAL01_SrCa",FALSE,TRUE,"AUTO","DoD2k MNE 2025-12-19"
"NU11PAL01_d18O_sw","NU11PAL01_d18O_sw",FALSE,TRUE,"AUTO","DoD2k MNE 2025-12-19"
"SAm_035","SAm_035",FALSE,TRUE,"AUTO","DoD2k MNE 2025-12-19"
"LPD4958bb62","LPD4958bb62",TRUE,FALSE,"AUTO","DoD2k MNE 2025-12-19"
"O2kLR_082","O2kLR_084",FALSE,TRUE,"MANUAL","DoD2k MNE 2025-12-19"
"Ocean2kHR_135","Ocean2kHR_135",FALSE,TRUE,"AUTO","DoD2k MNE 2025-12-19"
"LPD35442a44-dup","LPD35442a44-dup",TRUE,FALSE,"MANUAL","DoD2k MNE 2025-12-19"
"Ocean2kHR_139","NU11PAL01_d18O",TRUE,FALSE,"MANUAL","DoD2k MNE 2025-12-19"
"Ocean2kHR_139","Ocean2kHR_139_iso2k",TRUE,FALSE,"MANUAL","DoD2k MNE 2025-12-19"
"Ocean2kHR_139","NU11PAL01_d18O",TRUE,FALSE,"MANUAL","DoD2k MNE 2025-12-19"
"O2kLR_114","O2kLR_114",TRUE,FALSE,"MANUAL","DoD2k MNE 2025-12-19"
"MO06PED01_d18O","MO06PED01_d18O",FALSE,TRUE,"AUTO","DoD2k MNE 2025-12-19"
"MO06PED01_d18O","Ocean2kHR_107_iso2k",FALSE,TRUE,"AUTO","DoD2k MNE 2025-12-19"
"Ocean2kHR_118","CO96SWBB01A",FALSE,TRUE,"AUTO","DoD2k MNE 2025-12-19"
"Arc_151","IC11KIPW01A",FALSE,TRUE,"AUTO","DoD2k MNE 2025-12-19"
"NAm_3870","S2LRzhGg35X7Yw",FALSE,TRUE,"AUTO","DoD2k MNE 2025-12-19"
"NAm_3870","S2LRzhGg35X7Yw",FALSE,TRUE,"AUTO","DoD2k MNE 2025-12-19"
"Ocean2kHR_141","Ocean2kHR_141",FALSE,TRUE,"AUTO","DoD2k MNE 2025-12-19"
"Ocean2kHR_097","HE10GUA01_d18O",FALSE,TRUE,"AUTO","DoD2k MNE 2025-12-19"
"Ocean2kHR_097","Ocean2kHR_097_iso2k",FALSE,TRUE,"AUTO","DoD2k MNE 2025-12-19"
"Ocean2kHR_098","HE10GUA01_SrCa",FALSE,TRUE,"AUTO","DoD2k MNE 2025-12-19"
"GH14bc173e","GH14bc173e",FALSE,TRUE,"MANUAL","DoD2k MNE 2025-12-19"
"Ant_024","Ant_024",FALSE,TRUE,"AUTO","DoD2k MNE 2025-12-19"
"LPD572f7cc3","LPD94261173",TRUE,FALSE,"AUTO","DoD2k MNE 2025-12-19"
"O2kLR_105","O2kLR_105",FALSE,TRUE,"MANUAL","DoD2k MNE 2025-12-19"
"Ocean2kHR_020","Ocean2kHR_020",FALSE,TRUE,"AUTO","DoD2k MNE 2025-12-19"
"Ocean2kHR_020","Ocean2kHR_020",FALSE,TRUE,"AUTO","DoD2k MNE 2025-12-19"
"Malawi04","Malawi05",TRUE,FALSE,"AUTO","DoD2k MNE 2025-12-19"
"LPD10e9f8f7","LPD6dbf8788",TRUE,FALSE,"MANUAL","DoD2k MNE 2025-12-19"
"LPD312b2365","LPD7fd5bd52",TRUE,FALSE,"MANUAL","DoD2k MNE 2025-12-19"
"Arc_026","Arc_026",FALSE,TRUE,"AUTO","DoD2k MNE 2025-12-19"
"Africa_003","Africa_004",TRUE,FALSE,"AUTO","DoD2k MNE 2025-12-19"
"Ocean2kHR_134","DE12ANC01_SrCa",FALSE,TRUE,"AUTO","DoD2k MNE 2025-12-19"
"Ocean2kHR_172","Ocean2kHR_172",FALSE,TRUE,"AUTO","DoD2k MNE 2025-12-19"
"Ocean2kHR_172","Ocean2kHR_172",FALSE,TRUE,"AUTO","DoD2k MNE 2025-12-19"
"Ocean2kHR_140","Ocean2kHR_140",FALSE,TRUE,"AUTO","DoD2k MNE 2025-12-19"
"Ocean2kHR_140","Ocean2kHR_140",FALSE,TRUE,"AUTO","DoD2k MNE 2025-12-19"
"LPD806644b2","LPDc55a0cae",TRUE,FALSE,"MANUAL","DoD2k MNE 2025-12-19"
"SAm_015","SAm_012",TRUE,FALSE,"MANUAL","DoD2k MNE 2025-12-19"
"SAm_015","SAm_013",TRUE,FALSE,"AUTO","DoD2k MNE 2025-12-19"
"SAm_012","SAm_013",TRUE,FALSE,"AUTO","DoD2k MNE 2025-12-19"
"Asia_236","Asia_236",FALSE,TRUE,"AUTO","DoD2k MNE 2025-12-19"
"LPD2a3997a7","LPD87328d97",TRUE,FALSE,"AUTO","DoD2k MNE 2025-12-19"
"Ocean2kHR_181","OS14RIP01_d18O",FALSE,TRUE,"AUTO","DoD2k MNE 2025-12-19"
"Ocean2kHR_190","Ocean2kHR_190",FALSE,TRUE,"AUTO","DoD2k MNE 2025-12-19"
"Ocean2kHR_191","Ocean2kHR_191",FALSE,TRUE,"AUTO","DoD2k MNE 2025-12-19"
"GH8d2ba08f","GH8d2ba08f",TRUE,FALSE,"MANUAL","DoD2k MNE 2025-12-19"
"O2kLR_165","O2kLR_166",TRUE,FALSE,"MANUAL","DoD2k MNE 2025-12-19"
"Arc_056","Arc_056",FALSE,TRUE,"AUTO","DoD2k MNE 2025-12-19"
"Ocean2kHR_108","Ocean2kHR_108",FALSE,TRUE,"AUTO","DoD2k MNE 2025-12-19"
"Ocean2kHR_013","Ocean2kHR_013",FALSE,TRUE,"AUTO","DoD2k MNE 2025-12-19"
"Ant_011","IC13PALD01A",FALSE,TRUE,"AUTO","DoD2k MNE 2025-12-19"
"Ant_007","IC02GR0501A",FALSE,TRUE,"AUTO","DoD2k MNE 2025-12-19"
"GeoB8331_4_TS_008","GeoB8331_4_TS_008",TRUE,FALSE,"MANUAL","DoD2k MNE 2025-12-19"
"GeoB8331_4_TS_007","GeoB8331_4_TS_007",FALSE,FALSE,"MANUAL","DoD2k MNE 2025-12-19"
"Arc_065","Arc_066",TRUE,FALSE,"AUTO","DoD2k MNE 2025-12-19"
"Arc_065","IC11DILO01A",FALSE,TRUE,"AUTO","DoD2k MNE 2025-12-19"
"Arc_066","IC11DILO01A",FALSE,TRUE,"AUTO","DoD2k MNE 2025-12-19"
"LPD9b023bc9","LPD1779972c",TRUE,FALSE,"AUTO","DoD2k MNE 2025-12-19"
"LPD9b023bc9","LPD1779972c",TRUE,FALSE,"AUTO","DoD2k MNE 2025-12-19"
"LPD1779972c","LPD1779972c",TRUE,FALSE,"AUTO","DoD2k MNE 2025-12-19"
"Ocean2kHR_110","Ocean2kHR_110",FALSE,TRUE,"AUTO","DoD2k MNE 2025-12-19"
"CO99LICL03A","CO99LICL03A",FALSE,TRUE,"AUTO","DoD2k MNE 2025-12-19"
"Ant_022","IC12MUJR01A",FALSE,TRUE,"AUTO","DoD2k MNE 2025-12-19"
"LPD7c7e19c5","LPD44c75538_iso2k",TRUE,FALSE,"AUTO","DoD2k MNE 2025-12-19"
"LPD7c7e19c5","LPD44c75538_iso2k",TRUE,FALSE,"AUTO","DoD2k MNE 2025-12-19"
"LPD44c75538_iso2k","LPD44c75538_iso2k",TRUE,FALSE,"AUTO","DoD2k MNE 2025-12-19"
"LPD13a78f9b","LPD74ecb1ea",TRUE,FALSE,"AUTO","DoD2k MNE 2025-12-19"
"LPD74ecb1ea","LPD74ecb1ea",TRUE,FALSE,"MANUAL","DoD2k MNE 2025-12-19"
"LPD13a78f9b","LPD74ecb1ea",TRUE,FALSE,"AUTO","DoD2k MNE 2025-12-19"
"O2kLR_175","O2kLR_177",TRUE,FALSE,"MANUAL","DoD2k MNE 2025-12-19"
"O2kLR_146","O2kLR_147_2",TRUE,FALSE,"MANUAL","DoD2k MNE 2025-12-19"
"Ant_012","Ant_012",FALSE,TRUE,"AUTO","DoD2k MNE 2025-12-19"
"LPDc07746c5","LPD8c7da1f7",TRUE,FALSE,"AUTO","DoD2k MNE 2025-12-19"
"LPDc07746c5","LPD8c7da1f7",TRUE,FALSE,"AUTO","DoD2k MNE 2025-12-19"
"LPD8c7da1f7","LPD8c7da1f7",TRUE,FALSE,"AUTO","DoD2k MNE 2025-12-19"
"Ocean2kHR_102","Ocean2kHR_102",FALSE,TRUE,"AUTO","DoD2k MNE 2025-12-19"
"Ocean2kHR_021","Ocean2kHR_021",FALSE,TRUE,"AUTO","DoD2k MNE 2025-12-19"
"Ocean2kHR_021","Ocean2kHR_021",FALSE,TRUE,"AUTO","DoD2k MNE 2025-12-19"
"CO00KUNI01Aa","CO00KUNI01Aa",FALSE,TRUE,"AUTO","DoD2k MNE 2025-12-19"
"CO00KUNI01Aa","CO00KUNI01Aa",FALSE,TRUE,"AUTO","DoD2k MNE 2025-12-19"
"CO00KUNI01Aa","CO00KUNI01Ab",FALSE,TRUE,"MANUAL","DoD2k MNE 2025-12-19"
"Ocean2kHR_144","QU06RAB01_d18O",FALSE,TRUE,"AUTO","DoD2k MNE 2025-12-19"
"Ocean2kHR_144","Ocean2kHR_144_iso2k",FALSE,TRUE,"AUTO","DoD2k MNE 2025-12-19"
"Ocean2kHR_145","QU06RAB01_SrCa",FALSE,TRUE,"AUTO","DoD2k MNE 2025-12-19"
"LPD44e382ee_iso2k","LPD2d0bd641",TRUE,FALSE,"AUTO","DoD2k MNE 2025-12-19"
"Arc_043","Arc_043",FALSE,TRUE,"AUTO","DoD2k MNE 2025-12-19"
"LPD708fb697","LPD07a4e733",TRUE,FALSE,"AUTO","DoD2k MNE 2025-12-19"
"LPD708fb697","LPD07a4e733",TRUE,FALSE,"AUTO","DoD2k MNE 2025-12-19"
"LPD07a4e733","LPD07a4e733",TRUE,FALSE,"AUTO","DoD2k MNE 2025-12-19"
"Ocean2kHR_188","CO14WUCL01A",FALSE,TRUE,"AUTO","DoD2k MNE 2025-12-19"
"Ocean2kHR_157","Ocean2kHR_157",FALSE,TRUE,"AUTO","DoD2k MNE 2025-12-19"
"Ocean2kHR_154","GO12SBV01_d18O",FALSE,TRUE,"AUTO","DoD2k MNE 2025-12-19"
"Ocean2kHR_154","Ocean2kHR_154_iso2k",FALSE,TRUE,"AUTO","DoD2k MNE 2025-12-19"
"Arc_005","Arc_005",FALSE,TRUE,"AUTO","DoD2k MNE 2025-12-19"
"LPD71606a7f","LPD71606a7f",TRUE,FALSE,"AUTO","DoD2k MNE 2025-12-19"
"Ocean2kHR_022","Ocean2kHR_022",FALSE,TRUE,"AUTO","DoD2k MNE 2025-12-19"
"Ocean2kHR_022","Ocean2kHR_022",FALSE,TRUE,"AUTO","DoD2k MNE 2025-12-19"
"Ocean2kHR_022","Ocean2kHR_022",FALSE,TRUE,"AUTO","DoD2k MNE 2025-12-19"
"KI04MCV01_d18O","KI04MCV01_d18O",FALSE,TRUE,"AUTO","DoD2k MNE 2025-12-19"
"KI04MCV01_d18O","KI04MCV01_d18O",FALSE,TRUE,"AUTO","DoD2k MNE 2025-12-19"
"KI04MCV01_SrCa","KI04MCV01_SrCa",FALSE,TRUE,"AUTO","DoD2k MNE 2025-12-19"
"Arc_029","Arc_029_varvethickness",TRUE,FALSE,"AUTO","DoD2k MNE 2025-12-19"
"BO99MOO01_d18O","BO99MOO01_d18O",FALSE,TRUE,"AUTO","DoD2k MNE 2025-12-19"
"Ocean2kHR_138","LI94SEC01_d18O",FALSE,TRUE,"AUTO","DoD2k MNE 2025-12-19"
"Ocean2kHR_138","LI94SEC01_d18O",FALSE,TRUE,"AUTO","DoD2k MNE 2025-12-19"
"Ant_026","Ant_026",FALSE,TRUE,"AUTO","DoD2k MNE 2025-12-19"
"Arc_089","Arc_089",FALSE,TRUE,"AUTO","DoD2k MNE 2025-12-19"
"Arc_089","IC09OPAN01A",TRUE,TRUE,"MANUAL","DoD2k MNE 2025-12-19"
"Ocean2kHR_105","Ocean2kHR_105",FALSE,TRUE,"AUTO","DoD2k MNE 2025-12-19"
"ZI15MER01_SrCa","ZI15MER01_SrCa",TRUE,FALSE,"AUTO","DoD2k MNE 2025-12-19"
"CO03COPM04C","CO03COPM04C",FALSE,TRUE,"AUTO","DoD2k MNE 2025-12-19"
"CO03COPM03A","CO03COPM03A",FALSE,TRUE,"AUTO","DoD2k MNE 2025-12-19"
"CO04LIRA03A","CO04LIRA03A",FALSE,TRUE,"AUTO","DoD2k MNE 2025-12-19"
"CO03COPM01A","CO03COPM01A",FALSE,TRUE,"AUTO","DoD2k MNE 2025-12-19"
"Ocean2kHR_177","CO00URMA01A",FALSE,TRUE,"AUTO","DoD2k MNE 2025-12-19"
"Ocean2kHR_177","CO00URMA01A",FALSE,TRUE,"AUTO","DoD2k MNE 2025-12-19"
"Ocean2kHR_172","Ocean2kHR_172",FALSE,TRUE,"AUTO","DoD2k MNE 2025-12-19"
"Ocean2kHR_020","Ocean2kHR_020",FALSE,TRUE,"AUTO","DoD2k MNE 2025-12-19"
"RE18CAY01_d18O","RE18CAY01_d18O",FALSE,TRUE,"AUTO","DoD2k MNE 2025-12-19"
"CO99KUHO01Aa","CO99KUHO01Aa",FALSE,TRUE,"AUTO","DoD2k MNE 2025-12-19"
"CO99KUHO01Aa","CO99KUHO01Ab",FALSE,TRUE,"MANUAL","DoD2k MNE 2025-12-19"
"NU11PAL01_d18O","Ocean2kHR_139_iso2k",FALSE,FALSE,"MANUAL","DoD2k MNE 2025-12-19"
"NU11PAL01_d18O","NU11PAL01_d18O",FALSE,TRUE,"AUTO","DoD2k MNE 2025-12-19"
"CA14TIM01_d18O","CA14TIM01_d18O",FALSE,TRUE,"AUTO","DoD2k MNE 2025-12-19"
"HE08LRA01_d18O","HE08LRA01_d18O",FALSE,TRUE,"AUTO","DoD2k MNE 2025-12-19"
"DA06MAF01_d18O","Ocean2kHR_007",FALSE,TRUE,"MANUAL","DoD2k MNE 2025-12-19"
"NA09MAL01_d18O","NA09MAL01_d18O",FALSE,TRUE,"AUTO","DoD2k MNE 2025-12-19"
"CO98SWPR01A","CO98SWPR01A",FALSE,TRUE,"AUTO","DoD2k MNE 2025-12-19"
"DA06MAF02_d18O","Ocean2kHR_007",FALSE,TRUE,"MANUAL","DoD2k MNE 2025-12-19"
"CO03COPM02A","CO03COPM02A",FALSE,TRUE,"AUTO","DoD2k MNE 2025-12-19"
"CH98PIR01_d18O","CH98PIR01_d18O",FALSE,TRUE,"AUTO","DoD2k MNE 2025-12-19"
"WEB396032ca2","WEB396032ca2",TRUE,FALSE,"AUTO","DoD2k MNE 2025-12-19"
"WEB396032ca2","WEB396032ca2",FALSE,TRUE,"AUTO","DoD2k MNE 2025-12-19"
"XI17HAI01_SrCa","XI17HAI01_SrCa",TRUE,FALSE,"AUTO","DoD2k MNE 2025-12-19"
"WEB396032ca2","WEB396032ca2",FALSE,TRUE,"AUTO","DoD2k MNE 2025-12-19"
"DE14DTO03_SrCa","DE14DTO01_SrCa",FALSE,FALSE,"MANUAL","DoD2k MNE 2025-12-19"
"QU06RAB01_d18O","Ocean2kHR_144_iso2k",FALSE,TRUE,"AUTO","DoD2k MNE 2025-12-19"
"CO00KUNI01Aa","CO00KUNI01Aa",FALSE,TRUE,"AUTO","DoD2k MNE 2025-12-19"
"CO00KUNI01Aa","CO00KUNI01Ab",FALSE,TRUE,"MANUAL","DoD2k MNE 2025-12-19"
"EV18ROC01_SrCa","EV18ROC01_SrCa",TRUE,FALSE,"AUTO","DoD2k MNE 2025-12-19"
"CA13SAP01_d18O","CA13SAP01_d18O",FALSE,TRUE,"AUTO","DoD2k MNE 2025-12-19"
"HE13MIS01_d18O","CO13HENG02A",FALSE,FALSE,"MANUAL","DoD2k MNE 2025-12-19"
"HE13MIS01_d18O","CO13HENG03A",FALSE,FALSE,"MANUAL","DoD2k MNE 2025-12-19"
"ZI15IMP02_SrCa","ZI15IMP02_SrCa",TRUE,FALSE,"AUTO","DoD2k MNE 2025-12-19"
"CO04PFCH01A","CO04PFCH01A",FALSE,TRUE,"AUTO","DoD2k MNE 2025-12-19"
"CO04PFCH01A","CO04PFCH01A",FALSE,TRUE,"AUTO","DoD2k MNE 2025-12-19"
"CO03COPM06C","CO03COPM06C",FALSE,TRUE,"AUTO","DoD2k MNE 2025-12-19"
"MO06PED01_d18O","Ocean2kHR_107_iso2k",FALSE,TRUE,"AUTO","DoD2k MNE 2025-12-19"
"Ocean2kHR_183_iso2k","Ocean2kHR_183_iso2k",FALSE,TRUE,"AUTO","DoD2k MNE 2025-12-19"
"HE10GUA01_d18O","Ocean2kHR_097_iso2k",FALSE,TRUE,"AUTO","DoD2k MNE 2025-12-19"
"CO99DRGB01A","CO99DRGB01A",TRUE,FALSE,"AUTO","DoD2k MNE 2025-12-19"
"CO99DRGB01A","CO99DRGB01A",FALSE,TRUE,"AUTO","DoD2k MNE 2025-12-19"
"CO99DRGB01A","CO99DRGB01A",FALSE,TRUE,"AUTO","DoD2k MNE 2025-12-19"
"CO04LIRA02A","CO04LIRA02A",FALSE,TRUE,"AUTO","DoD2k MNE 2025-12-19"
"ZI15TAN01_SrCa","ZI15TAN01_SrCa",TRUE,FALSE,"AUTO","DoD2k MNE 2025-12-19"
"AS05GUA01_d18O","AS05GUA01_d18O",FALSE,TRUE,"AUTO","DoD2k MNE 2025-12-19"
"FE09OGA01_d18O","FE09OGA01_d18O",FALSE,TRUE,"AUTO","DoD2k MNE 2025-12-19"
"GU99NAU01_d18O","CO99GUMI01A",TRUE,FALSE,"MANUAL","DoD2k MNE 2025-12-19"
"GU99NAU01_d18O","CO99GUMI01B",FALSE,TRUE,"AUTO","DoD2k MNE 2025-12-19"
"CO03COPM11C","CO03COPM11C",FALSE,TRUE,"AUTO","DoD2k MNE 2025-12-19"
"ZI15IMP01_SrCa","ZI15IMP01_SrCa",TRUE,FALSE,"AUTO","DoD2k MNE 2025-12-19"
"RO19YUC01_SrCa","RO19YUC01_SrCa",TRUE,FALSE,"AUTO","DoD2k MNE 2025-12-19"
"CO03COPM10B","CO03COPM10B",FALSE,TRUE,"AUTO","DoD2k MNE 2025-12-19"
"KI04MCV01_d18O","KI04MCV01_d18O",FALSE,TRUE,"AUTO","DoD2k MNE 2025-12-19"
"BA04FIJ02_d18O","BA04FIJ02_d18O",FALSE,TRUE,"AUTO","DoD2k MNE 2025-12-19"
"CO03COPM07C","CO03COPM07C",FALSE,TRUE,"AUTO","DoD2k MNE 2025-12-19"
"GO12SBV01_d18O","Ocean2kHR_154_iso2k",FALSE,TRUE,"AUTO","DoD2k MNE 2025-12-19"
"CA07FLI01_d18O","CA07FLI01_d18O",FALSE,TRUE,"AUTO","DoD2k MNE 2025-12-19"
"CO93TAR01_d18O","CO93TAR01_d18O",FALSE,TRUE,"AUTO","DoD2k MNE 2025-12-19"
"CO00MAL01_d18O","CO00MAL01_d18O",FALSE,TRUE,"AUTO","DoD2k MNE 2025-12-19"
"Ocean2kHR_133","Ocean2kHR_133",FALSE,TRUE,"AUTO","DoD2k MNE 2025-12-19"
"DE13HAI01_d18O","DE13HAI01_d18O",TRUE,FALSE,"AUTO","DoD2k MNE 2025-12-19"
"DE13HAI01_d18O","DE13HAI01_d18O",FALSE,TRUE,"AUTO","DoD2k MNE 2025-12-19"
"DE13HAI01_SrCa","DE13HAI01_SrCa",TRUE,FALSE,"AUTO","DoD2k MNE 2025-12-19"
"DE13HAI01_d18O","DE13HAI01_d18O",FALSE,TRUE,"AUTO","DoD2k MNE 2025-12-19"
"LI94SEC01_d18O","LI94SEC01_d18O",FALSE,TRUE,"AUTO","DoD2k MNE 2025-12-19"
"ZI15CLE01_SrCa","ZI15CLE01_SrCa",TRUE,FALSE,"AUTO","DoD2k MNE 2025-12-19"
"Ocean2kHR_140","Ocean2kHR_140",FALSE,TRUE,"AUTO","DoD2k MNE 2025-12-19"
"CO03COPM05C","CO03COPM05C",FALSE,TRUE,"AUTO","DoD2k MNE 2025-12-19"
"FL18DTO01_SrCa","FL18DTO02_SrCa",FALSE,FALSE,"MANUAL","DoD2k MNE 2025-12-19"
"DU94URV01_d18O","DU94URV01_d18O",TRUE,FALSE,"AUTO","DoD2k MNE 2025-12-19"
"CO03COPM09B","CO03COPM09B",FALSE,TRUE,"AUTO","DoD2k MNE 2025-12-19"
"Ocean2kHR_022","Ocean2kHR_022",TRUE,FALSE,"AUTO","DoD2k MNE 2025-12-19"
"Ocean2kHR_022","Ocean2kHR_022",FALSE,TRUE,"AUTO","DoD2k MNE 2025-12-19"
"Ocean2kHR_022","Ocean2kHR_022",FALSE,TRUE,"AUTO","DoD2k MNE 2025-12-19"
"LI99CLI01_d18O","CO99LICL02A",FALSE,TRUE,"AUTO","DoD2k MNE 2025-12-19"
"ZI15BUN01_SrCa","ZI15BUN01_SrCa",TRUE,FALSE,"AUTO","DoD2k MNE 2025-12-19"
"FE18RUS01_d18O","FE18RUS01_d18O",FALSE,TRUE,"AUTO","DoD2k MNE 2025-12-19"
"Ocean2kHR_159","Ocean2kHR_159",TRUE,FALSE,"AUTO","DoD2k MNE 2025-12-19"
"KI14PAR01_d18O","KI14PAR01_d18O",TRUE,FALSE,"AUTO","DoD2k MNE 2025-12-19"
"KI14PAR01_SrCa","KI14PAR01_SrCa",TRUE,FALSE,"AUTO","DoD2k MNE 2025-12-19"
"Ocean2kHR_021","Ocean2kHR_021",TRUE,FALSE,"AUTO","DoD2k MNE 2025-12-19"
"BA04FIJ01_d18O","BA04FIJ01_d18O",FALSE,TRUE,"AUTO","DoD2k MNE 2025-12-19"
"LI06FIJ01_d18O","LI06FIJ01_d18O",FALSE,TRUE,"AUTO","DoD2k MNE 2025-12-19"
"CO04BAFI00A","Ocean2kHR_142",FALSE,FALSE,"MANUAL","DoD2k MNE 2025-12-19"
"CO00URMA01A","CO00URMA01A",TRUE,FALSE,"AUTO","DoD2k MNE 2025-12-19"
"S2LR984dImqQzT","S2LR984dImqQzT",TRUE,FALSE,"AUTO","DoD2k MNE 2025-12-19"
"S2LRqzay3XaVI6","S2LRqzay3XaVI6",TRUE,FALSE,"AUTO","DoD2k MNE 2025-12-19"
"LPD7457ad38_dup","LPD7457ad38_dup",TRUE,FALSE,"AUTO","DoD2k MNE 2025-12-19"
"IC13STWD01A","IC13STWD01A",TRUE,FALSE,"AUTO","DoD2k MNE 2025-12-19"
"IC13STWD01A","IC13STWD01A",TRUE,FALSE,"AUTO","DoD2k MNE 2025-12-19"
"IC13STWD01A","IC13STWD01A",TRUE,FALSE,"AUTO","DoD2k MNE 2025-12-19"
"GH7a0d7d57","GH7a0d7d57",TRUE,FALSE,"AUTO","DoD2k MNE 2025-12-19"
"LPD7dc5b9ba","LPD7dc5b9ba",TRUE,FALSE,"AUTO","DoD2k MNE 2025-12-19"
"LPD7dc5b9ba","LPD7dc5b9ba",TRUE,FALSE,"AUTO","DoD2k MNE 2025-12-19"
"Ocean2kHR_139_iso2k","NU11PAL01_d18O",FALSE,FALSE,"MANUAL","DoD2k MNE 2025-12-19"
"S2LR6TKFv7iVXB","S2LR6TKFv7iVXB",FALSE,TRUE,"MANUAL","DoD2k MNE 2025-12-19"
"WEB73fbe78c","WEB10668658",TRUE,FALSE,"AUTO","DoD2k MNE 2025-12-19"
"WEBf7bafce3","WEBa755355a",TRUE,FALSE,"AUTO","DoD2k MNE 2025-12-19"
"CO99GUMI01A","CO99GUMI01B",FALSE,TRUE,"MANUAL","DoD2k MNE 2025-12-19"
"SP10WINZ01A","SP10WINZ01A",TRUE,FALSE,"AUTO","DoD2k MNE 2025-12-19"
"CO99KUHO01Aa","CO99KUHO01Ab",FALSE,TRUE,"MANUAL","DoD2k MNE 2025-12-19"
"LPD7dc5b9ba","LPD7dc5b9ba",TRUE,FALSE,"AUTO","DoD2k MNE 2025-12-19"
"SP08ZHCN01A","S2LRgSmPxIGkG8",TRUE,FALSE,"AUTO","DoD2k MNE 2025-12-19"
"Arc_089","IC09OPAN01A",FALSE,TRUE,"MANUAL","DoD2k MNE 2025-12-19"
"LPDe86e42a4d13c","LPDe86e42a4d13c",TRUE,FALSE,"AUTO","DoD2k MNE 2025-12-19"
"LPDe86e42a4d13c","LPDe86e42a4d13c",TRUE,FALSE,"AUTO","DoD2k MNE 2025-12-19"
"SP11BOAT01A","S2LROhdjq4qi1C",TRUE,FALSE,"AUTO","DoD2k MNE 2025-12-19"
"CO14CABT01B","CO14CABT01B",TRUE,FALSE,"AUTO","DoD2k MNE 2025-12-19"
"S2LRBdOpwxurXe","S2LRBdOpwxurXe",TRUE,FALSE,"AUTO","DoD2k MNE 2025-12-19"
"S2LR8slbkjtNM0","S2LR8slbkjtNM0",TRUE,FALSE,"AUTO","DoD2k MNE 2025-12-19"
"LPD38727801","LPD38727801",TRUE,FALSE,"AUTO","DoD2k MNE 2025-12-19"
"SP12NOBR00A","S2LROGQ7QcR0HN",FALSE,TRUE,"MANUAL","DoD2k MNE 2025-12-19"
"CO00KUNI01Aa","CO00KUNI01Ab",FALSE,TRUE,"MANUAL","DoD2k MNE 2025-12-19"
"CO04PFCH01A","CO04PFCH01A",TRUE,FALSE,"AUTO","DoD2k MNE 2025-12-19"
"LPDe86e42a4d13c","LPDe86e42a4d13c",TRUE,FALSE,"AUTO","DoD2k MNE 2025-12-19"
"S2LRBM7L9RdKFT","S2LRBM7L9RdKFT",TRUE,FALSE,"AUTO","DoD2k MNE 2025-12-19"
"NAm2kHydro100","NAm2kHydro100",TRUE,FALSE,"AUTO","DoD2k MNE 2025-12-19"
"IC10VID302A","IC10VID302A",TRUE,FALSE,"AUTO","DoD2k MNE 2025-12-19"
"IC10VID302B","IC10VID302B",TRUE,FALSE,"AUTO","DoD2k MNE 2025-12-19"
"S2LRzhGg35X7Yw","S2LRzhGg35X7Yw",TRUE,FALSE,"AUTO","DoD2k MNE 2025-12-19"
"S2LR03L7MyUtXw","S2LR03L7MyUtXw",TRUE,FALSE,"AUTO","DoD2k MNE 2025-12-19"
"S2LRcHvdTlqb9Z","S2LRcHvdTlqb9Z",TRUE,FALSE,"AUTO","DoD2k MNE 2025-12-19"
"S2LRKJt93dI16P","S2LRKJt93dI16P",TRUE,FALSE,"AUTO","DoD2k MNE 2025-12-19"
