"TSid","datasetId","tableId","variableName","units","proxy","proxyGeneral","primaryTimeseries","dataSetName","archiveType","lat","lon","elev","siteName","datasetVersion","interpRank","seasonality","direction","variableDetail","n_win","min_win","max_win","span_win","res_win","longest_win","axis_14C","pass_curator","pass_plausible","annual","pass_length","pass_resolution","layer_counted","n_age_controls","pass_chronology","chron_missing","pass_direction","pass_sign","selected","fails","selected_by","dedup_keep","dedup_rule"
"Africa_001","b7k9uDLbDLTNY95dMRiC","paleo1measurement1","d18O","permil","d18O",NA,FALSE,"Afr-ColdAirCave.Sundqvist.2013","Speleothem",-24,29.18,1450,"Cold Air Cave","1.0.9",1,"Annual","positive","air@condensationLevel",339,1635,1992,357,1,357,FALSE,TRUE,TRUE,TRUE,TRUE,TRUE,FALSE,0,TRUE,TRUE,TRUE,TRUE,TRUE,"","criteria",TRUE,NA
"Ant_014","Acl16WGUmuwgaTn0DsIP","paleo1measurement1","d2H","permil","dD",NA,FALSE,"Ant-Ferrigno.Thomas.2013","GlacierIce",-74.57,-86.9,1354,"Ferrigno","1.0.8",1,"Annual","positive","air@condensationLevel",308,1703,2010,307,1,307,FALSE,TRUE,TRUE,TRUE,TRUE,TRUE,TRUE,0,TRUE,FALSE,TRUE,TRUE,TRUE,"","criteria",TRUE,NA
"Ant_022","FSftUa0yY3W5be94mKQF","paleo1measurement1","d2H","permil","dD",NA,FALSE,"Ant-JamesRossIsland.Mulvaney.2013","GlacierIce",-64.2017,-57.685,1542,"James Ross Island","1.0.9",1,"Annual","positive","air@condensationLevel",2007,1,2007,2006,1,2006,FALSE,TRUE,TRUE,TRUE,TRUE,TRUE,TRUE,0,TRUE,FALSE,TRUE,TRUE,TRUE,"","criteria",TRUE,NA
"Ant_026","q60YD3YKBMLvhKaCVgMH","paleo1measurement1","d2H","permil","dD",NA,FALSE,"Ant-TalosDome.Stenni.2002","GlacierIce",-72.8,159.06,2316,"Talos Dome","1.0.5",1,"Annual","positive","air@condensationLevel",764,1232,1995,763,1,763,FALSE,TRUE,TRUE,TRUE,TRUE,TRUE,TRUE,0,TRUE,FALSE,TRUE,TRUE,TRUE,"","criteria",TRUE,NA
"Ant_030","ALUv7ETq7oKrN8g3SjoV","paleo1measurement1","d18O","permil","d18O",NA,FALSE,"Ant-WDC05A.Steig.2013","GlacierIce",-79.46,-112.09,1806,"WDC05A","1.0.5",1,"Annual","positive","air@condensationLevel",1220,786,2005,1219,1,1219,FALSE,TRUE,TRUE,TRUE,TRUE,TRUE,TRUE,0,TRUE,FALSE,TRUE,TRUE,TRUE,"","criteria",TRUE,NA
"Ant_037","hBBbohEOvxM0iofMn4m2","paleo1measurement1","d18O","permil","d18O",NA,FALSE,"Ant-US-ITASE-2000-1.Steig.2013","GlacierIce",-79.3838,-111.24,1791,"US-ITASE-2000-1","1.0.7",1,"subannual","positive","air@condensationLevel",3242,1673.293,2000.95715,327.66415,0.0892499999999927,327.66415,FALSE,TRUE,TRUE,TRUE,TRUE,TRUE,TRUE,0,TRUE,FALSE,TRUE,TRUE,TRUE,"","criteria",TRUE,NA
"Arc_002","gtgRoVX1q84Urx9SwuLy","paleo1measurement1","trsgi","unitless","ring width","dendrophysical",FALSE,"Arc-Avam-Taimyr.Briffa.2008","Wood",72,101,250,"Avam-Taimyr","1.0.8",1,"Jun-Jul","positive","air@surface",2000,1,2000,1999,1,1999,FALSE,TRUE,TRUE,TRUE,TRUE,TRUE,TRUE,0,TRUE,FALSE,TRUE,TRUE,TRUE,"","criteria",TRUE,NA
"Arc_004","rE02uTebnuD7RPT30OiK","paleo1measurement1","MAR","g/cm2/yr","accumulation rate","stratigraphy",FALSE,"Arc-LowerMurrayLake.Cook.2008","LakeSediment",81.35,-69.53,106,"Lower Murray Lake","1.0.5",1,"Jul","positive","air@600m",1980,1,2000,1999,1,1999,FALSE,TRUE,TRUE,TRUE,TRUE,TRUE,FALSE,0,TRUE,TRUE,TRUE,TRUE,TRUE,"","criteria",TRUE,NA
"Arc_007","9ckF58PLIjakd6OgfL0e","paleo1measurement1","temperature","degC","ring width","dendrophysical",FALSE,"Arc-GulfofAlaska.Wilson.2014","Wood",61.03,-146.59,230,"Gulf of Alaska","1.0.5",1,"Feb-Aug","positive","air@surface",1211,800,2010,1210,1,1210,FALSE,TRUE,TRUE,TRUE,TRUE,TRUE,TRUE,0,TRUE,FALSE,TRUE,TRUE,TRUE,"","criteria",TRUE,NA
"Arc_011","pdu5OrYMR5kiboyV2Ozd","paleo1measurement1","d18O","permil","d18O",NA,FALSE,"Arc-GISP2.Grootes.1997","GlacierIce",72.1,-38.08,3200,"GISP2","1.0.5",1,"Annual","positive","air@condensationLevel",1170,818,1987,1169,1,1169,FALSE,TRUE,TRUE,TRUE,TRUE,TRUE,TRUE,0,TRUE,FALSE,TRUE,TRUE,TRUE,"","criteria",TRUE,NA
"Arc_012mxd","xit6EH82ucwvp32Kgglr","paleo1measurement1","temperature","degC","maximum latewood density","dendrophysical",FALSE,"Arc-Tornetrask.Melvin.2012","Wood",68.26,19.6,320,"Tornetrask","1.0.11",1,"Jun-Aug","positive","air@surface",1570,441,2010,1569,1,1569,FALSE,TRUE,TRUE,TRUE,TRUE,TRUE,TRUE,0,TRUE,FALSE,TRUE,TRUE,TRUE,"","criteria",TRUE,NA
"Arc_026","jo0iTvtK3NW08BHJoWQ5","paleo1measurement1","d18O","permil","d18O",NA,FALSE,"Arc-NGTB16.Schwager.1998","GlacierIce",73.94,-37.63,3040,"NGT B16","1.0.5",1,"Jun-Aug","positive","air@condensationLevel",515,1478,1992,514,1,514,FALSE,TRUE,TRUE,TRUE,TRUE,TRUE,TRUE,0,TRUE,FALSE,TRUE,TRUE,TRUE,"","criteria",TRUE,NA
"Arc_029_varvethickness","70l06eHNVspjC2t3DdDS","paleo1measurement1","varveThickness","mm","varve thickness",NA,FALSE,"Arc-BigRoundLake.Thomas.2009","LakeSediment",69.87,-68.83,180,"Big Round Lake","1.0.5",1,"Jul-Sep","positive","air@surface",1033,971,2003,1032,1,1032,FALSE,TRUE,TRUE,TRUE,TRUE,TRUE,TRUE,0,TRUE,FALSE,TRUE,TRUE,TRUE,"","criteria",TRUE,NA
"Arc_031","n7igHZJHA3NRMh10liqx","paleo1measurement1","d18O","permil","d18O",NA,FALSE,"Arc-NGRIP1.Vinther.2006","GlacierIce",75.1,-42.32,2917,"NGRIP1","1.0.5",1,"Annual","positive","air@condensationLevel",1995,1,1995,1994,1,1994,FALSE,TRUE,TRUE,TRUE,TRUE,TRUE,TRUE,0,TRUE,FALSE,TRUE,TRUE,TRUE,"","criteria",TRUE,NA
"Arc_033","rcvMOaSBRnRcaHxxJC4C","paleo1measurement1","d18O","permil","d18O",NA,FALSE,"Arc-Crete.Vinther.2010","GlacierIce",71.12,-37.32,3172,"Crete","1.0.5",1,"Annual","positive","air@condensationLevel",1421,553,1973,1420,1,1420,FALSE,TRUE,TRUE,TRUE,TRUE,TRUE,TRUE,0,TRUE,FALSE,TRUE,TRUE,TRUE,"","criteria",TRUE,NA
"Arc_034","VRDXXchN2XXECSPwZFma","paleo1measurement1","d18O","permil","d18O",NA,FALSE,"Arc-Dye.Vinther.2010","GlacierIce",65.18,-43.83,2480,"Dye","1.0.5",1,"Annual","positive","air@condensationLevel",1978,1,1978,1977,1,1977,FALSE,TRUE,TRUE,TRUE,TRUE,TRUE,TRUE,0,TRUE,FALSE,TRUE,TRUE,TRUE,"","criteria",TRUE,NA
"Arc_057","Hcx37PjyKthGbEWPJdpi","paleo1measurement1","density",NA,"maximum latewood density","dendrophysical",FALSE,"Arc-Kittelfjall.Bjorklund.2012","Wood",65.2,15.5,550,"Kittelfjall","1.0.8",1,"Jun-Jul","positive","air@surface",458,1550,2007,457,1,457,FALSE,TRUE,TRUE,TRUE,TRUE,TRUE,TRUE,0,TRUE,FALSE,TRUE,TRUE,TRUE,"","criteria",TRUE,NA
"Arc_058","LbA04p6cSU5eQ64dKO3O","paleo1measurement1","density",NA,"maximum latewood density","dendrophysical",FALSE,"Arc-Armarnaes.Bjorklund.2012","Wood",65.9,16.1,500,"Armarnaes","1.0.6",1,"Jun-Aug","positive","air@surface",461,1550,2010,460,1,460,FALSE,TRUE,TRUE,TRUE,TRUE,TRUE,TRUE,0,TRUE,FALSE,TRUE,TRUE,TRUE,"","criteria",TRUE,NA
"Arc_059","OnJ2TPrRa6UQH89FQj0X","paleo1measurement1","density",NA,"maximum latewood density","dendrophysical",FALSE,"Arc-Tjeggelvas.Bjorklund.2012","Wood",66.6,17.6,520,"Tjeggelvas","1.0.8",1,"Jun-Aug","positive","air@surface",461,1550,2010,460,1,460,FALSE,TRUE,TRUE,TRUE,TRUE,TRUE,TRUE,0,TRUE,FALSE,TRUE,TRUE,TRUE,"","criteria",TRUE,NA
"Arc_060","uBowfOYHKc6TwwmToYRD","paleo1measurement1","density",NA,"maximum latewood density","dendrophysical",FALSE,"Arc-Arjeplog.Bjorklund.2014","Wood",66.3,18.2,800,"Arjeplog","1.0.6",1,"Jun-Aug","positive","air@surface",811,1200,2010,810,1,810,FALSE,TRUE,TRUE,TRUE,TRUE,TRUE,TRUE,0,TRUE,FALSE,TRUE,TRUE,TRUE,"","criteria",TRUE,NA
"Arc_076","ltv2vXPFXn0q2dal7XYz","paleo1measurement1","temperature","degC","varve thickness",NA,FALSE,"Arc-SoperLake.Hughen.2000","LakeSediment",62.917,-69.883,14,"Soper Lake, Baffin Island, Canada","1.0.5",1,"Jun","positive","air@surface",479,1514,1992,478,1,478,FALSE,TRUE,TRUE,TRUE,TRUE,TRUE,TRUE,0,TRUE,FALSE,TRUE,TRUE,TRUE,"","criteria",TRUE,NA
"Arc_089","N3Lrg8SJa0nUC0wJcaaV","paleo1measurement1","d18O","permil","d18O",NA,FALSE,"Arc-AkademiiNaukIceCap.Opel.2013","GlacierIce",80.52,94.82,750,"Akademii Nauk Ice Cap, Severnaya Zemlya (Russian Arctic)","1.0.6",1,"Annual","positive","air@condensationLevel",1099,900,1998,1098,1,1098,FALSE,TRUE,TRUE,TRUE,TRUE,TRUE,TRUE,0,TRUE,FALSE,TRUE,TRUE,TRUE,"","criteria",TRUE,NA
"Arc_093","1dm5Vr6HP8xtMlcAQPSr","paleo2measurement1","trsgi","unitless","ring width","dendrophysical",FALSE,"Arc-MackenzieDelta.Porter.2013","Wood",68.625,-133.87,5,"Mackenzie Delta","1.0.7",1,"Jun-Jul","positive","air@surface",763,1245,2007,762,1,762,FALSE,TRUE,TRUE,TRUE,TRUE,TRUE,TRUE,0,TRUE,FALSE,TRUE,TRUE,TRUE,"","criteria",TRUE,NA
"Arc_099d18O","TnprEFSEbjzQ8NIQ6Rkr","paleo1measurement1","d18O","permil","d18O",NA,FALSE,"Arc-WindyDome.Henderson.2011","GlacierIce",80.783,65.63,509,"Windy Dome","1.0.7",1,"Annual","positive","air@condensationLevel",771,1225,1995,770,1,770,FALSE,TRUE,TRUE,TRUE,TRUE,TRUE,TRUE,0,TRUE,FALSE,TRUE,TRUE,TRUE,"","criteria",TRUE,NA
"Arc_100","zZwmPpxTmeWkSCwx5S1f","paleo1measurement1","temperature","degC","ring width","dendrophysical",FALSE,"Arc-Yamalia.Briffa.2013","Wood",66.8,68,30,"Yamalia","1.0.6",1,"Jun-Jul","positive","air@surface",1090,914,2003,1089,1,1089,FALSE,TRUE,TRUE,TRUE,TRUE,TRUE,TRUE,0,TRUE,FALSE,TRUE,TRUE,TRUE,"","criteria",TRUE,NA
"Arc_150","d4n32NY5F36ck2fxETt1","paleo1measurement1","MXD",NA,"maximum latewood density","dendrophysical",FALSE,"Arc-Forfjorddalen.McCarroll.2013","Wood",68.73,15.73,200,"Forfjorddalen","1.0.5",1,"Jun-Jul","positive","air@surface",908,1100,2007,907,1,907,FALSE,TRUE,TRUE,TRUE,TRUE,TRUE,TRUE,0,TRUE,FALSE,TRUE,TRUE,TRUE,"","criteria",TRUE,NA
"Arc_152","naPM2cYchOSPy6zfDWU2","paleo1measurement1","MXD",NA,"maximum latewood density","dendrophysical",FALSE,"Arc-Jamtland.Wilson.2016","Wood",63.2475,13.3375,650,"Jamtland, Sweden","1.0.5",1,"Apr-Sep","positive","air@surface",1229,783,2011,1228,1,1228,FALSE,TRUE,TRUE,TRUE,TRUE,TRUE,TRUE,0,TRUE,FALSE,TRUE,TRUE,TRUE,"","criteria",TRUE,NA
"Arc_162","ED40uEJ0zLZCL4qk0FHu","paleo1measurement1","density",NA,"ring width","dendrophysical",FALSE,"Arc-PolarUrals.Wilson.2015","Wood",66.9,65.6,250,"Polar Urals","1.0.5",1,"Jun-Aug","positive","air@surface",1116,891,2006,1115,1,1115,FALSE,TRUE,TRUE,TRUE,TRUE,TRUE,TRUE,0,TRUE,FALSE,TRUE,TRUE,TRUE,"","criteria",TRUE,NA
"Asia_018","fZis8FytC3c54nR34FDw","paleo1measurement1","trsgi","unitless","ring width","dendrophysical",FALSE,"Asi-UKHTRW.Schweingruber.2002","Wood",50.15,85.37,1750,"Altai Mt., Ust Koksa Hill","1.0.7",1,"Summer","positive","air@surface",414,1581,1994,413,1,413,FALSE,TRUE,TRUE,TRUE,TRUE,TRUE,TRUE,0,TRUE,FALSE,TRUE,TRUE,TRUE,"","criteria",TRUE,NA
"Asia_020","mWBMdLBLO60HsolIkzfe","paleo1measurement1","trsgi","unitless","ring width","dendrophysical",FALSE,"Asi-UKHLWW.Schweingruber.2002","Wood",50.15,85.37,1750,"Altai Mt., Ust Koksa Hill","1.0.7",1,"Summer","positive","air@surface",414,1581,1994,413,1,413,FALSE,TRUE,TRUE,TRUE,TRUE,TRUE,TRUE,0,TRUE,FALSE,TRUE,TRUE,TRUE,"","criteria",TRUE,NA
"Asia_021","UgKydyBhsnRX0FyCcMcL","paleo1measurement1","trsgi","unitless","ring width","dendrophysical",FALSE,"Asi-UKHEWD.Schweingruber.2002","Wood",50.15,85.37,1750,"Altai Mt., Ust Koksa Hill","1.0.7",1,"Summer","positive","air@surface",414,1581,1994,413,1,413,FALSE,TRUE,TRUE,TRUE,TRUE,TRUE,TRUE,0,TRUE,FALSE,TRUE,TRUE,TRUE,"","criteria",TRUE,NA
"Asia_023","badU9kp2bnRFrWcCwhWs","paleo1measurement1","trsgi","unitless","ring width","dendrophysical",FALSE,"Asi-UKHMND.Schweingruber.2002","Wood",50.15,85.37,1750,"Altai Mt., Ust Koksa Hill","1.0.7",1,"Summer","positive","air@surface",414,1581,1994,413,1,413,FALSE,TRUE,TRUE,TRUE,TRUE,TRUE,TRUE,0,TRUE,FALSE,TRUE,TRUE,TRUE,"","criteria",TRUE,NA
"Asia_024","ZoPe0CTAW1aHByFib2o3","paleo1measurement1","trsgi","unitless","ring width","dendrophysical",FALSE,"Asi-UKHMXD.Schweingruber.2002","Wood",50.15,85.37,1750,"Altai Mt., Ust Koksa Hill","1.0.7",1,"Summer","positive","air@surface",414,1581,1994,413,1,413,FALSE,TRUE,TRUE,TRUE,TRUE,TRUE,TRUE,0,TRUE,FALSE,TRUE,TRUE,TRUE,"","criteria",TRUE,NA
"Asia_026","NzmmtG8TUCVBrvJcxOMW","paleo1measurement1","trsgi","unitless","ring width","dendrophysical",FALSE,"Asi-BT002.Cook.2010","Wood",27.67,90.73,2100,"BT002","1.0.6",1,"Annual","positive","air@surface",550,1454,2003,549,1,549,FALSE,TRUE,TRUE,TRUE,TRUE,TRUE,TRUE,0,TRUE,FALSE,TRUE,TRUE,TRUE,"","criteria",TRUE,NA
"Asia_027","wfE0WbwBPwNmhOGemcBN","paleo1measurement1","trsgi","unitless","ring width","dendrophysical",FALSE,"Asi-BT003.Cook.2010","Wood",27.7,90.77,1450,"BT003","1.0.6",1,"Annual","positive","air@surface",484,1520,2003,483,1,483,FALSE,TRUE,TRUE,TRUE,TRUE,TRUE,TRUE,0,TRUE,FALSE,TRUE,TRUE,TRUE,"","criteria",TRUE,NA
"Asia_028","m4qoHMA78euPnGBSGjSU","paleo1measurement1","trsgi","unitless","ring width","dendrophysical",FALSE,"Asi-BT004.Cook.2010","Wood",27.7,90.68,2000,"BT004","1.0.8",1,"Annual","positive","air@surface",523,1481,2003,522,1,522,FALSE,TRUE,TRUE,TRUE,TRUE,TRUE,TRUE,0,TRUE,FALSE,TRUE,TRUE,TRUE,"","criteria",TRUE,NA
"Asia_043","t1fpAotEDgW847OKYeXK","paleo1measurement1","trsgi","unitless","ring width","dendrophysical",FALSE,"Asi-DEZQIN.PAGES2k.2013","Wood",34.75,100.82,1750,"DEZQIN","1.0.7",1,"Summer","positive","air@surface",718,1287,2004,717,1,717,FALSE,TRUE,TRUE,TRUE,TRUE,TRUE,TRUE,0,TRUE,FALSE,TRUE,TRUE,TRUE,"","criteria",TRUE,NA
"Asia_046","H7V9per4vpW3woYJfZQG","paleo1measurement1","trsgi","unitless","ring width","dendrophysical",FALSE,"Asi-LAJQIN.PAGES2k.2013","Wood",34.72,100.72,1750,"LAJQIN","1.0.7",1,"Summer","positive","air@surface",559,1446,2004,558,1,558,FALSE,TRUE,TRUE,TRUE,TRUE,TRUE,TRUE,0,TRUE,FALSE,TRUE,TRUE,TRUE,"","criteria",TRUE,NA
"Asia_068","Y1s1AfGb8ipWnJ6USpuo","paleo1measurement1","trsgi","unitless","ring width","dendrophysical",FALSE,"Asi-ZHIDJP.Shao.2003","Wood",33.72,96.28,3800,"ZHIDJP","1.0.7",1,"Apr-Jun","positive","air@surface",629,1374,2002,628,1,628,FALSE,TRUE,TRUE,TRUE,TRUE,TRUE,TRUE,0,TRUE,FALSE,TRUE,TRUE,TRUE,"","criteria",TRUE,NA
"Asia_071","uf9sQySwz05ZlgM4aoCs","paleo1measurement1","trsgi","unitless","ring width","dendrophysical",FALSE,"Asi-CHIN016.Li.2010","Wood",31.78,101.92,3900,"CHIN016","1.0.7",1,"Annual","positive","air@surface",433,1575,2007,432,1,432,FALSE,TRUE,TRUE,TRUE,TRUE,TRUE,TRUE,0,TRUE,FALSE,TRUE,TRUE,TRUE,"","criteria",TRUE,NA
"Asia_076","byUSUGcmgTAdS61SpCx3","paleo1measurement1","trsgi","unitless","ring width","dendrophysical",FALSE,"Asi-CHIN026.Wright.2010","Wood",27.62,99.8,2900,"CHIN026","1.0.7",1,"Annual","positive","air@surface",492,1516,2007,491,1,491,FALSE,TRUE,TRUE,TRUE,TRUE,TRUE,TRUE,0,TRUE,FALSE,TRUE,TRUE,TRUE,"","criteria",TRUE,NA
"Asia_108","Vg3jXj770q54oMnZJJfD","paleo1measurement1","trsgi","unitless","ring width","dendrophysical",FALSE,"Asi-MTASSP.Davi.2013","Wood",43.77,142.55,3730,"JAPA008","1.0.7",1,"Summer","positive","air@surface",466,1532,1997,465,1,465,FALSE,TRUE,TRUE,TRUE,TRUE,TRUE,TRUE,0,TRUE,FALSE,TRUE,TRUE,TRUE,"","criteria",TRUE,NA
"Asia_109","tuj2kR25W74OJlPwsB0X","paleo1measurement1","trsgi","unitless","ring width","dendrophysical",FALSE,"Asi-MTASMD.Davi.2013","Wood",43.77,142.55,3780,"JAPA008","1.0.7",1,"Summer","positive","air@surface",441,1557,1997,440,1,440,FALSE,TRUE,TRUE,TRUE,TRUE,TRUE,TRUE,0,TRUE,FALSE,TRUE,TRUE,TRUE,"","criteria",TRUE,NA
"Asia_110","Erb9WY7oK8qawEoIsPYS","paleo1measurement1","trsgi","unitless","ring width","dendrophysical",FALSE,"Asi-RUSS219.Jacoby.2010","Wood",43.88,145.6,3920,"RUSS219","1.0.7",1,"Annual","positive","air@surface",416,1585,2000,415,1,415,FALSE,TRUE,TRUE,TRUE,TRUE,TRUE,TRUE,0,TRUE,FALSE,TRUE,TRUE,TRUE,"","criteria",TRUE,NA
"Asia_112","bzBZmoCvUpIKjSiAXcHr","paleo1measurement1","trsgi","unitless","ring width","dendrophysical",FALSE,"Asi-JAPA013.Yasue.1997","Wood",44.35,142.18,3700,"JAPA013","1.0.7",1,"Annual","positive","air@surface",425,1575,1999,424,1,424,FALSE,TRUE,TRUE,TRUE,TRUE,TRUE,TRUE,0,TRUE,FALSE,TRUE,TRUE,TRUE,"","criteria",TRUE,NA
"Asia_113","RAoqC9ue8Dm8YS5d9rBV","paleo1measurement1","trsgi","unitless","ring width","dendrophysical",FALSE,"Asi-JAPA015.Yasue.2013","Wood",43.22,145.47,3780,"JAPA015","1.0.7",1,"Summer","positive","air@surface",488,1511,1998,487,1,487,FALSE,TRUE,TRUE,TRUE,TRUE,TRUE,TRUE,0,TRUE,FALSE,TRUE,TRUE,TRUE,"","criteria",TRUE,NA
"Asia_115","w1x6ja9IhMhBevfIsvg6","paleo1measurement1","trsgi","unitless","ring width","dendrophysical",FALSE,"Asi-JAPA014.Yasue.2013","Wood",43.5,143.2,2050,"JAPA014","1.0.7",1,"Summer","positive","air@surface",511,1487,1997,510,1,510,FALSE,TRUE,TRUE,TRUE,TRUE,TRUE,TRUE,0,TRUE,FALSE,TRUE,TRUE,TRUE,"","criteria",TRUE,NA
"Asia_133","KN8NJdYzPFCenpHWW2lB","paleo1measurement1","trsgi","unitless","ring width","dendrophysical",FALSE,"Asi-RUSS236.Sano.2009","Wood",55,160.5,1350,"RUSS236","1.0.7",1,"Summer","positive","air@surface",422,1580,2001,421,1,421,FALSE,TRUE,TRUE,TRUE,TRUE,TRUE,TRUE,0,TRUE,FALSE,TRUE,TRUE,TRUE,"","criteria",TRUE,NA
"Asia_140","dUjWwNMTC4zP0wWzvi7j","paleo1measurement1","trsgi","unitless","ring width","dendrophysical",FALSE,"Asi-MONG027.Jacoby.2010","Wood",46.32,101.32,300,"MONG027","1.0.7",1,"Annual","positive","air@surface",403,1599,2001,402,1,402,FALSE,TRUE,TRUE,TRUE,TRUE,TRUE,TRUE,0,TRUE,FALSE,TRUE,TRUE,TRUE,"","criteria",TRUE,NA
"Asia_142","3wqstdqDPx1wGnPnqGTj","paleo1measurement1","trsgi","unitless","ring width","dendrophysical",FALSE,"Asi-MONG018.Jacoby.2010","Wood",49.97,90.98,1300,"MONG018","1.0.7",1,"Annual","positive","air@surface",487,1519,2005,486,1,486,FALSE,TRUE,TRUE,TRUE,TRUE,TRUE,TRUE,0,TRUE,FALSE,TRUE,TRUE,TRUE,"","criteria",TRUE,NA
"Asia_143","ZqTsW2daCt3UigOHbIR6","paleo1measurement1","trsgi","unitless","ring width","dendrophysical",FALSE,"Asi-MONG019.Jacoby.2010","Wood",47.1,90.97,1100,"MONG019","1.0.7",1,"Annual","positive","air@surface",630,1375,2004,629,1,629,FALSE,TRUE,TRUE,TRUE,TRUE,TRUE,TRUE,0,TRUE,FALSE,TRUE,TRUE,TRUE,"","criteria",TRUE,NA
"Asia_147","LAvagFfBNZAzxR3EZxm8","paleo1measurement1","trsgi","unitless","ring width","dendrophysical",FALSE,"Asi-MONG009.Jacoby.2013","Wood",49.92,91.57,2800,"MONG009","1.0.7",1,"Summer","positive","air@surface",673,1326,1998,672,1,672,FALSE,TRUE,TRUE,TRUE,TRUE,TRUE,TRUE,0,TRUE,FALSE,TRUE,TRUE,TRUE,"","criteria",TRUE,NA
"Asia_150","uk6MUs0oO234lZixr2nu","paleo1measurement1","trsgi","unitless","ring width","dendrophysical",FALSE,"Asi-MONG025.Jacoby.2010","Wood",48.7,88.8,4400,"MONG025","1.0.7",1,"Annual","positive","air@surface",440,1565,2004,439,1,439,FALSE,TRUE,TRUE,TRUE,TRUE,TRUE,TRUE,0,TRUE,FALSE,TRUE,TRUE,TRUE,"","criteria",TRUE,NA
"Asia_155","sJ1ONRlN6apyhXM2acWD","paleo1measurement1","trsgi","unitless","ring width","dendrophysical",FALSE,"Asi-SODAPS.PAGES2k.2013","Wood",48.3,98.93,2500,"SODAPS","1.0.7",1,"Summer","positive","air@surface",1954,46,1999,1953,1,1953,FALSE,TRUE,TRUE,TRUE,TRUE,TRUE,TRUE,0,TRUE,FALSE,TRUE,TRUE,TRUE,"","criteria",TRUE,NA
"Asia_157","ITjC8I2dpNtQwjcjmtOT","paleo1measurement1","trsgi","unitless","ring width","dendrophysical",FALSE,"Asi-MONG010.Jacoby.2013","Wood",47.27,100.03,4100,"MONG010","1.0.7",1,"Summer","positive","air@surface",637,1363,1999,636,1,636,FALSE,TRUE,TRUE,TRUE,TRUE,TRUE,TRUE,0,TRUE,FALSE,TRUE,TRUE,TRUE,"","criteria",TRUE,NA
"Asia_164","64U1CnOFgWJIOF0QafN0","paleo1measurement1","trsgi","unitless","ring width","dendrophysical",FALSE,"Asi-MONG032.Jacoby.2010","Wood",46.52,100.95,3600,"MONG032","1.0.7",1,"Summer","positive","air@surface",663,1340,2002,662,1,662,FALSE,TRUE,TRUE,TRUE,TRUE,TRUE,TRUE,0,TRUE,FALSE,TRUE,TRUE,TRUE,"","criteria",TRUE,NA
"Asia_167","ubYHbZ1fG1qjGdPdmCCl","paleo1measurement1","trsgi","unitless","ring width","dendrophysical",FALSE,"Asi-NEPA003.Krusic.2013","Wood",29.48,82.08,3700,"NEPA003","1.0.7",1,"Summer","positive","air@surface",578,1420,1997,577,1,577,FALSE,TRUE,TRUE,TRUE,TRUE,TRUE,TRUE,0,TRUE,FALSE,TRUE,TRUE,TRUE,"","criteria",TRUE,NA
"Asia_168","Ddt59WDSNCeNhbpkKvHC","paleo1measurement1","trsgi","unitless","ring width","dendrophysical",FALSE,"Asi-NEPA010.Krusic.2013","Wood",27.7,86.45,3700,"NEPA010","1.0.7",1,"Summer","positive","air@surface",582,1417,1998,581,1,581,FALSE,TRUE,TRUE,TRUE,TRUE,TRUE,TRUE,0,TRUE,FALSE,TRUE,TRUE,TRUE,"","criteria",TRUE,NA
"Asia_171","ZWOa6ueu14raAhW4vcCT","paleo1measurement1","trsgi","unitless","ring width","dendrophysical",FALSE,"Asi-NEPA018.Krusic.2013","Wood",27.73,86.33,3600,"NEPA018","1.0.7",1,"Summer","positive","air@surface",554,1445,1998,553,1,553,FALSE,TRUE,TRUE,TRUE,TRUE,TRUE,TRUE,0,TRUE,FALSE,TRUE,TRUE,TRUE,"","criteria",TRUE,NA
"Asia_216","ACo3h4GFVG50ekrKtx0F","paleo1measurement1","trsgi","unitless","ring width","dendrophysical",FALSE,"Asi-NOGSAK.PAGES2k.2013","Wood",51.83,143.13,3300,"NOGSAK","1.0.7",1,"Summer","positive","air@surface",434,1570,2003,433,1,433,FALSE,TRUE,TRUE,TRUE,TRUE,TRUE,TRUE,0,TRUE,FALSE,TRUE,TRUE,TRUE,"","criteria",TRUE,NA
"Asia_218","X5K4lSwFWsEqrwAkhf4Y","paleo1measurement1","trsgi","unitless","ring width","dendrophysical",FALSE,"Asi-CHIN047.Brauning.2013","Wood",31.12,97.03,2500,"CHIN047","1.0.7",1,"Summer","positive","air@surface",589,1406,1994,588,1,588,FALSE,TRUE,TRUE,TRUE,TRUE,TRUE,TRUE,0,TRUE,FALSE,TRUE,TRUE,TRUE,"","criteria",TRUE,NA
"Asia_221","AP6DANmTEzW4IQPq1vkQ","paleo1measurement1","trsgi","unitless","ring width","dendrophysical",FALSE,"Asi-CHIN046.Brauning.2013","Wood",31.12,97.03,3150,"CHIN046","1.0.7",1,"Summer","positive","air@surface",1556,449,2004,1555,1,1555,FALSE,TRUE,TRUE,TRUE,TRUE,TRUE,TRUE,0,TRUE,FALSE,TRUE,TRUE,TRUE,"","criteria",TRUE,NA
"Asia_223","P2ATo9qKPe7tlIGx4BBT","paleo1measurement1","trsgi","unitless","ring width","dendrophysical",FALSE,"Asi-CHIN045.Brauning.2013","Wood",29.62,94.67,2300,"CHIN045","1.0.7",1,"Summer","positive","air@surface",426,1568,1993,425,1,425,FALSE,TRUE,TRUE,TRUE,TRUE,TRUE,TRUE,0,TRUE,FALSE,TRUE,TRUE,TRUE,"","criteria",TRUE,NA
"Asia_235","z7iWxxhclZ83EEiSo0aB","paleo1measurement1","temperature","degC","multiproxy","multiproxy",FALSE,"Asi-KunashirIsland.Demezhko.2009","Other",43.955,145.725,2400,"Kunashir Island","1.0.8",1,"Annual","positive","ground@surface",416,1585,2000,415,1,415,FALSE,TRUE,TRUE,TRUE,TRUE,TRUE,FALSE,0,TRUE,TRUE,TRUE,TRUE,TRUE,"","criteria",TRUE,NA
"Aus_015","KH8oVlASntBnwuqOcTGp","paleo1measurement1","trsgi","unitless","ring width","dendrophysical",FALSE,"Aus-CTPEastTasmania.Allen.2001","Wood",-41.31,147.75,750,"CTP East Tasmania","1.0.7",1,"Sep-Nov","positive","air@surface",565,1430,1994,564,1,564,FALSE,TRUE,TRUE,TRUE,TRUE,TRUE,TRUE,0,TRUE,FALSE,TRUE,TRUE,TRUE,"","criteria",TRUE,NA
"Aus_020","o0Din13QYKmHRZOh6Wyp","paleo1measurement1","trsgi","unitless","ring width","dendrophysical",FALSE,"Aus-CTPWestTasmania.Allen.2001","Wood",-41.67,145.65,550,"CTP West Tasmania","1.0.7",1,"Jun-Aug","positive","air@surface",452,1547,1998,451,1,451,FALSE,TRUE,TRUE,TRUE,TRUE,TRUE,TRUE,0,TRUE,FALSE,TRUE,TRUE,TRUE,"","criteria",TRUE,NA
"Aus_041","9cI5YnfNq4xX1ssxlPDe","paleo1measurement1","temperature","degC","ring width","dendrophysical",FALSE,"Aus-MtRead.Cook.2006","Wood",-41.83,145.53,900,"Mt. Read","1.0.5",1,"Nov-Apr","positive","air@surface",2001,1,2001,2000,1,2000,FALSE,TRUE,TRUE,TRUE,TRUE,TRUE,TRUE,0,TRUE,FALSE,TRUE,TRUE,TRUE,"","criteria",TRUE,NA
"Aus_057","ruMRx4LUuvL9siKrquVD","paleo1measurement1","temperature","degC","ring width","dendrophysical",FALSE,"Aus-Oroko.Cook.2002","Wood",-43.23,170.28,110,"Oroko","1.0.5",1,"Sep-Apr","positive","air@surface",1100,900,1999,1099,1,1099,FALSE,TRUE,TRUE,TRUE,TRUE,TRUE,TRUE,0,TRUE,FALSE,TRUE,TRUE,TRUE,"","criteria",TRUE,NA
"Aus_062","7YZXkWdR5ceDJr3jzX3v","paleo1measurement1","trsgi","unitless","ring width","dendrophysical",FALSE,"Aus-PinkPine.Duncan.2010","Wood",-43,171,640,"Pink Pine NZ","1.0.7",1,"Sep-Apr","positive","air@surface",543,1457,1999,542,1,542,FALSE,TRUE,TRUE,TRUE,TRUE,TRUE,TRUE,0,TRUE,FALSE,TRUE,TRUE,TRUE,"","criteria",TRUE,NA
"Aus_067","ENJoPLMMNLnyYtlEqzQO","paleo1measurement1","trsgi","unitless","ring width","dendrophysical",FALSE,"Aus-StewartIsland.D'Arrigo.1996","Wood",-47,167.8,450,"Stewart Island","1.0.7",1,"Sep-Apr","positive","air@surface",236,1758,1993,235,1,235,FALSE,TRUE,TRUE,TRUE,FALSE,TRUE,TRUE,0,TRUE,FALSE,TRUE,TRUE,TRUE,"length","curator admission",TRUE,NA
"Eur_003","LHqXoX9KHfLzB8Ivc4nS","paleo1measurement1","temperature","degC","chironomid","faunal assemblage",FALSE,"Eur-LakeSilvaplana.Larocque-Tobler.2010","LakeSediment",46.5,9.8,1791,"Lake Silvaplana","1.0.4",1,"Jul","positive","air@surface",944,1032,1975,943,1,943,FALSE,TRUE,TRUE,TRUE,TRUE,TRUE,FALSE,0,TRUE,TRUE,TRUE,TRUE,TRUE,"","criteria",TRUE,NA
"Eur_005","ZDMEZiVVO4eFNwBA4D3o","paleo1measurement1","temperature","degC","maximum latewood density","dendrophysical",FALSE,"Eur-FinnishLakelands.Helama.2014","Wood",62,28.325,130,"Finnish Lakelands","1.0.6",1,"Summer","positive","air@surface",1241,760,2000,1240,1,1240,FALSE,TRUE,TRUE,TRUE,TRUE,TRUE,TRUE,0,TRUE,FALSE,TRUE,TRUE,TRUE,"","criteria",TRUE,NA
"Eur_006","uOhCAmcuPO5Xo9rSniHn","paleo1measurement1","temperature","degC","historical","historical",FALSE,"Eur-Stockholm.Leijonhufvud.2009","Documents",59.32,18.06,10,"Stockholm","1.0.7",1,"Winter","positive","air@surface",378,1502,1892,390,1,390,FALSE,TRUE,TRUE,TRUE,TRUE,TRUE,TRUE,0,TRUE,FALSE,TRUE,TRUE,TRUE,"","criteria",TRUE,NA
"Eur_007","7QYnhwWQ7wPX31uqrHhs","paleo1measurement1","temperature","degC","chironomid","faunal assemblage",FALSE,"Eur-Seebergsee.Larocque-Tobler.2012","LakeSediment",46.15,7.5,1830,"Seebergsee","1.0.4",1,"Summer","positive","air@surface",919,1083,2001,918,1,918,FALSE,TRUE,TRUE,TRUE,TRUE,TRUE,FALSE,0,TRUE,TRUE,TRUE,TRUE,TRUE,"","criteria",TRUE,NA
"Eur_008","WX0GIjmoc46FH1Oj4c5r","paleo1measurement1","d18O","permil","d18O",NA,FALSE,"Eur-NorthernSpain.Martin-Chivelet.2011","Speleothem",42.9,-3.5,1250,"Northern Spain","1.0.8",1,"Summer","positive","air@condensationLevel",605,1,2000,1999,2,1999,FALSE,TRUE,TRUE,FALSE,TRUE,TRUE,FALSE,0,TRUE,TRUE,TRUE,TRUE,TRUE,"","criteria",TRUE,NA
"Eur_014","fyUORoSbcL0GP0J3wyoj","paleo1measurement1","MXD",NA,"maximum latewood density","dendrophysical",FALSE,"Eur-NorthernScandinavia.Esper.2012","Wood",68,25,300,"Northern Scandinavia","1.0.7",1,"Summer","positive","air@surface",2006,1,2006,2005,1,2005,FALSE,TRUE,TRUE,TRUE,TRUE,TRUE,TRUE,0,TRUE,FALSE,TRUE,TRUE,TRUE,"","criteria",TRUE,NA
"Eur_015","kskN7ELG8iCpHBcZbQSV","paleo1measurement1","trsgi","unitless","ring width","dendrophysical",FALSE,"Eur-TatraMountains.Buentgen.2013","Wood",49,20,1000,"Tatra Mountains","1.0.9",1,"Summer","positive","air@surface",972,1040,2011,971,1,971,FALSE,TRUE,TRUE,TRUE,TRUE,TRUE,TRUE,0,TRUE,FALSE,TRUE,TRUE,TRUE,"","criteria",TRUE,NA
"Eur_017","NdRtBSqrfwDmxycbWqYd","paleo1measurement1","trsgi","unitless","ring width","dendrophysical",FALSE,"Eur-EuropeanAlps.Buentgen.2011","Wood",47,10.7,2050,"European Alps","1.0.9",1,"Summer","positive","air@surface",2003,1,2003,2002,1,2002,FALSE,TRUE,TRUE,TRUE,TRUE,TRUE,TRUE,0,TRUE,FALSE,TRUE,TRUE,TRUE,"","criteria",TRUE,NA
"Eur_018","5TxaCsbZHG56SI1qNpj7","paleo1measurement1","MXD",NA,"maximum latewood density","dendrophysical",FALSE,"Eur-Loetschental.Buentgen.2006","Wood",46.4,7.8,1700,"Loetschental","1.0.8",1,"Summer","positive","air@surface",1250,755,2004,1249,1,1249,FALSE,TRUE,TRUE,TRUE,TRUE,TRUE,TRUE,0,TRUE,FALSE,TRUE,TRUE,TRUE,"","criteria",TRUE,NA
"Eur_019","1UZJ6NyAvSCfdksRwNPV","paleo1measurement1","trsgi","unitless","ring width","dendrophysical",FALSE,"Eur-MaritimeFrenchAlps.Buentgen.2012","Wood",44,7.5,2100,"Maritime French Alps","1.0.9",1,"Summer","positive","air@surface",1039,969,2007,1038,1,1038,FALSE,TRUE,TRUE,TRUE,TRUE,TRUE,TRUE,0,TRUE,FALSE,TRUE,TRUE,TRUE,"","criteria",TRUE,NA
"Eur_020","PPWjMBBkRAcCv6bkL58K","paleo1measurement1","trsgi","unitless","ring width","dendrophysical",FALSE,"Eur-SpanishPyrenees.Dorado-Linan.2012","Wood",42.5,1,1200,"Spanish Pyrenees","1.0.8",1,"Summer","positive","air@surface",746,1260,2005,745,1,745,FALSE,TRUE,TRUE,TRUE,TRUE,TRUE,TRUE,0,TRUE,FALSE,TRUE,TRUE,TRUE,"","criteria",TRUE,NA
"Eur_022","BjZjOoa4Z5XmocKnEzre","paleo1measurement1","temperature","degC","historical","historical",FALSE,"Eur-CentralEurope.Dobrovolny.2009","Documents",49,13,0,"Central Europe","1.0.8",1,"Summer","positive","air@surface",508,1500,2007,507,1,507,FALSE,TRUE,TRUE,TRUE,TRUE,TRUE,TRUE,0,TRUE,FALSE,TRUE,TRUE,TRUE,"","criteria",TRUE,NA
"Eur_026","X3qULfBWiBbbQfEmmiMT","paleo1measurement1","temperature","degC","historical","historical",FALSE,"Eur-Tallinn.Tarand.2001","Documents",59.4,24.75,10,"Tallinn","1.0.8",1,"Winter","positive","air@surface",491,1500,2000,500,1,500,FALSE,TRUE,TRUE,TRUE,TRUE,TRUE,TRUE,0,TRUE,FALSE,TRUE,TRUE,TRUE,"","criteria",TRUE,NA
"IC02HEWD01A","yrff3bUnNO8OgcxLatjz","paleo1measurement1","d18O","permil",NA,NA,FALSE,"IC02HEWD","GlacierIce",81,64,509,"Windy Dome","1.0.9",1,"Annual","positive","air@surface",771,1225,1995,770,1,770,FALSE,TRUE,TRUE,TRUE,TRUE,TRUE,TRUE,11,TRUE,FALSE,TRUE,TRUE,TRUE,"","criteria",TRUE,NA
"IC02STTA02A","TPXEOOTBiRuQufqcW2dK","paleo1measurement1","d2H","permil",NA,NA,FALSE,"IC02STTA","GlacierIce",-72.8,159.06,2316,"TD96 Talos Dome","1.0.15",1,"Annual","positive","air@surface",764,1232,1995,763,1,763,FALSE,TRUE,TRUE,TRUE,TRUE,TRUE,TRUE,0,TRUE,FALSE,TRUE,TRUE,TRUE,"","criteria",TRUE,NA
"IC05ISAU01A","9KWvwHqHL9yD8HPKuurO","paleo1measurement1","d18O","permil",NA,NA,FALSE,"IC05ISAU","GlacierIce",79.83,24,750,"Austfonna","1.0.14",1,"Annual","positive","air@surface",554,1400,1998,598,1,598,FALSE,TRUE,TRUE,TRUE,TRUE,TRUE,TRUE,0,TRUE,FALSE,TRUE,TRUE,TRUE,"","criteria",TRUE,NA
"IC06WAML01A","vDduTUlubvYdFjAlTXhO","paleo1measurement1","d18O","permil",NA,NA,FALSE,"IC06WAML","GlacierIce",35.81,90.76,5680,"Malan Glacier","1.0.11",1,"Summer","positive","air@surface",871,1129,1999,870,1,870,FALSE,TRUE,TRUE,TRUE,TRUE,TRUE,TRUE,0,TRUE,FALSE,TRUE,TRUE,TRUE,"","criteria",TRUE,NA
"IC10VICR01A","JtK3P1wvNgYCQXIQNYCb","paleo1measurement1","d18O","permil",NA,NA,FALSE,"IC10VICR","GlacierIce",71.12,-37.32,3174,"Crete","1.0.15",1,"Annual","positive","air@surface",1422,552,1973,1421,1,1421,FALSE,TRUE,TRUE,TRUE,TRUE,TRUE,TRUE,0,TRUE,FALSE,TRUE,TRUE,TRUE,"","criteria",TRUE,NA
"IC11DILO01A","RjG1hTHuQLgkuv5aotw3","paleo1measurement1","d18O","permil",NA,NA,FALSE,"IC11DILO","GlacierIce",78.86,17.42,1250,"Lomonosovfonna","1.0.8",1,"Dec-Feb","positive","air@surface",1229,769,1997,1228,1,1228,FALSE,TRUE,TRUE,TRUE,TRUE,TRUE,TRUE,1229,TRUE,FALSE,TRUE,TRUE,TRUE,"","criteria",TRUE,NA
"IC12MUJR01A","WcwADMUe8WsmsPXTde4B","paleo1measurement1","d2H","permil",NA,NA,FALSE,"IC12MUJR","GlacierIce",-64.2,-57.69,1542,"James Ross Island","1.0.15",1,"Annual","positive","air@surface",2007,1,2007,2006,1,2006,FALSE,TRUE,TRUE,TRUE,TRUE,TRUE,TRUE,0,TRUE,FALSE,TRUE,TRUE,TRUE,"","criteria",TRUE,NA
"IC13THFE01A","LwfxaGBfNbxjKgAKqgBg","paleo1measurement1","d2H","permil",NA,NA,FALSE,"IC13THFE","GlacierIce",-74.57,-86.9,1354,"Ferrigno","1.0.15",1,"Annual","positive","air@surface",308,1703,2010,307,1,307,FALSE,TRUE,TRUE,TRUE,TRUE,TRUE,TRUE,0,TRUE,FALSE,TRUE,TRUE,TRUE,"","criteria",TRUE,NA
"IC16WE2001A","RiAHj8PXTcbh0uFSk5fi","paleo1measurement1","d18O","permil",NA,NA,FALSE,"IC16WE20","GlacierIce",78.8333,-36.5,2147,"B20","1.0.14",1,"Annual","positive","air@surface",1219,775,1993,1218,1,1218,FALSE,TRUE,TRUE,TRUE,TRUE,TRUE,TRUE,0,TRUE,FALSE,TRUE,TRUE,TRUE,"","criteria",TRUE,NA
"IC16WE3001A","cAY7mhrGgtubsRtvIQ25","paleo1measurement1","d18O","permil",NA,NA,FALSE,"IC16WE30","GlacierIce",75.0016,-42.0004,2947,"B30","1.0.15",1,"Annual","positive","air@surface",747,1242,1988,746,1,746,FALSE,TRUE,TRUE,TRUE,TRUE,TRUE,TRUE,0,TRUE,FALSE,TRUE,TRUE,TRUE,"","criteria",TRUE,NA
"IC16WENG00A","DLtLlTPGpI1y0x6xrIjd","paleo1measurement1","d18O","z score",NA,NA,FALSE,"IC16WENG","GlacierIce",76,-46,NA,"NG-stack","1.0.15",1,"Annual","positive","air@surface",1242,753,1994,1241,1,1241,FALSE,TRUE,TRUE,TRUE,TRUE,TRUE,TRUE,0,TRUE,FALSE,TRUE,TRUE,TRUE,"","criteria",TRUE,NA
"IC93BAGI01A","Z01l7P7eZ6HbMLNlfSrV","paleo1measurement1","d2H","permil",NA,NA,FALSE,"IC93BAGI","GlacierIce",72.59,-38.46,3200,"GISP2-B","1.0.14",1,"Annual","positive","air@surface",686,1300,1985,685,1,685,FALSE,TRUE,TRUE,TRUE,TRUE,TRUE,TRUE,0,TRUE,FALSE,TRUE,TRUE,TRUE,"","criteria",TRUE,NA
"IC93BAGI02A","Z01l7P7eZ6HbMLNlfSrV","paleo1measurement2","d2H","permil",NA,NA,FALSE,"IC93BAGI","GlacierIce",72.59,-38.46,3200,"GISP2-B","1.0.14",1,"Annual","positive","air@surface",6029,1270.0556,1986.7942,716.7386,0.111100000000079,716.7386,FALSE,TRUE,TRUE,TRUE,TRUE,TRUE,TRUE,0,TRUE,FALSE,TRUE,TRUE,TRUE,"","criteria",TRUE,NA
"IC94THDP01A","Yt5JnM7GW4oWLWyZZoIN","paleo1measurement1","d18O","permil",NA,NA,FALSE,"IC94THDP","GlacierIce",-70.68,-64.87,2002,"Dyer Plateau","1.0.15",1,"Annual","positive","air@surface",484,1505,1988,483,1,483,FALSE,TRUE,TRUE,TRUE,TRUE,TRUE,TRUE,0,TRUE,FALSE,TRUE,TRUE,TRUE,"","criteria",TRUE,NA
"IC97GRGI01A","qhG6oRZfXsrynS5KkrCk","paleo1measurement1","d18O","permil",NA,NA,FALSE,"IC97GRGI","GlacierIce",72.6,-38.5,3200,"GISP2","1.0.14",1,"Annual","positive","air@surface",1170,818,1987,1169,1,1169,FALSE,TRUE,TRUE,TRUE,TRUE,TRUE,TRUE,0,TRUE,FALSE,TRUE,TRUE,TRUE,"","criteria",TRUE,NA
"LPD315357f3","9SDxMaDXFyjWdPjuKI64","paleo1measurement1","temperature","degC","d15N/d40Ar","cryophysical",FALSE,"GISP2.Kobashi.2017","GlacierIce",72.6,-38.5,3200,"GISP2","1.0.16",1,"Annual","positive","air@surface",1993,1,1993,1992,1,1992,FALSE,TRUE,TRUE,TRUE,TRUE,TRUE,TRUE,0,TRUE,FALSE,TRUE,TRUE,TRUE,"","criteria",TRUE,NA
"LPD378db911","Y7kBlGFYqjwnAIrAGPSd","paleo1measurement1","composite","percent","calcification rate",NA,FALSE,"Ocn-HoutmanAbrolhosIslands.Cooper.2012","Coral",-28.4667,113.7667,-6,"Houtman Abrolhos Islands","1.0.7",1,"Annual","positive","sea@surface",111,1900,2010,110,1,110,FALSE,TRUE,TRUE,TRUE,TRUE,TRUE,TRUE,0,TRUE,FALSE,TRUE,TRUE,TRUE,"","criteria",TRUE,NA
"LPD78d0b77c","g1JZBnb0VGBbNW3Q4UQY","paleo1measurement1","temperature","degC","d15N/d40Ar","other ice",FALSE,"GISP2.Kobashi.2012","GlacierIce",70.6,-38.5,3200,"GISP2","1.0.14",1,"Annual","positive","air@surface",1993,1,1993,1992,1,1992,FALSE,TRUE,TRUE,TRUE,TRUE,TRUE,TRUE,0,TRUE,FALSE,TRUE,TRUE,TRUE,"","criteria",TRUE,NA
"LPDb676e71d","ZXvBxu682eEsvnPadTXX","paleo1measurement1","temperature","degC","d13C","isotopic",FALSE,"KaiteCobreMayor.MartinChivelet.2011","Speleothem",42.7918,-3.8496,1173,"Kaite Cobre Mayor","1.0.12",1,"Annual","positive","air@surface",605,1,2000,1999,2,1999,FALSE,TRUE,TRUE,FALSE,TRUE,TRUE,FALSE,43,TRUE,FALSE,TRUE,TRUE,TRUE,"","criteria",TRUE,NA
"LPDe51d17e8","cwln40BWcNkJLyDf04vq","paleo1measurement1","temperature","degC","Mg/Ca","elemental",FALSE,"Ocn-CariacoBasin.Black.2007","MarineSediment",10.77,-64.77,-450,"Cariaco Basin","1.0.10",1,"Mar-May","positive","sea@surface",566,1221.041513,1990,768.958487,1.47969899999998,768.958487,FALSE,TRUE,TRUE,TRUE,TRUE,TRUE,FALSE,0,TRUE,TRUE,TRUE,TRUE,TRUE,"","criteria",TRUE,NA
"LS96VOAM01","TbjKo6fRDVQ5yXy6xGBs","paleo1measurement1","d18O","permil","d18O","isotopic",FALSE,"Ammersee.vonGrafenstein.1996","LakeSediment",48,11.1167,533,"Ammersee","1.0.6",1,"Annual","positive","air@surface",124,152.81,1962.08,1809.27,2.37999999999988,1809.27,FALSE,TRUE,TRUE,FALSE,TRUE,TRUE,FALSE,0,TRUE,TRUE,TRUE,TRUE,TRUE,"","criteria",TRUE,NA
"LS96VOAM01_iso2k","Or2JCxlPULjJgMadAx0L","paleo1measurement1","d18O","permil",NA,NA,FALSE,"LS96VOAM","LakeSediment",47.1,11.0166,533,"Ammersee","1.1.9",1,NA,"positive","0.58 +- 0.11ppt/degrees C",124,152.81,1962.08,1809.27,2.37999999999988,1809.27,FALSE,TRUE,TRUE,FALSE,TRUE,TRUE,FALSE,0,TRUE,TRUE,TRUE,TRUE,TRUE,"","criteria",TRUE,NA
"NAm_016","kJ8NSKzkuWsMfCYwH4Bc","paleo1measurement1","trsgi","unitless","ring width","dendrophysical",FALSE,"NAm-FremontGlacier.Hill.0","Wood",43,-109.6,3292,"Fremont Glacier","1.0.8",1,"Annual","positive","air@surface",775,1227,2001,774,1,774,FALSE,TRUE,TRUE,TRUE,TRUE,TRUE,TRUE,0,TRUE,FALSE,TRUE,TRUE,TRUE,"","criteria",TRUE,NA
"NAm_040","wkHPN9AdocgBgZspVdo8","paleo1measurement1","trsgi","unitless","ring width","dendrophysical",FALSE,"NAm-SanFrancisoPeaksUpdate.Graybill.2005","Wood",35.3,-111.4,3535,"San Franciso Peaks Update","1.0.8",1,"Summer","positive","air@surface",2002,1,2002,2001,1,2001,FALSE,TRUE,TRUE,TRUE,TRUE,TRUE,TRUE,0,TRUE,FALSE,TRUE,TRUE,TRUE,"","criteria",TRUE,NA
"NAm_064","MXjCxsjN0QR98fM21j6h","paleo1measurement1","trsgi","unitless","ring width","dendrophysical",FALSE,"NAm-HerringAlpine.Fritts.1995","Wood",60.4,-147.8,275,"Herring Alpine","1.0.8",1,"Summer","positive","air@surface",551,1422,1972,550,1,550,FALSE,TRUE,TRUE,TRUE,TRUE,TRUE,TRUE,0,TRUE,FALSE,TRUE,TRUE,TRUE,"","criteria",TRUE,NA
"NAm_088","Ej1ThcgrQBZ1AJAcRD55","paleo2measurement1","MXD",NA,"maximum latewood density","dendrophysical",FALSE,"NAm-DenaliNationalPark.Schweingruber.1996","Wood",63.7,-149.6,750,"Denali National Park","1.0.8",1,"Summer","positive","air@surface",433,1551,1983,432,1,432,FALSE,TRUE,TRUE,TRUE,TRUE,TRUE,TRUE,0,TRUE,FALSE,TRUE,TRUE,TRUE,"","criteria",TRUE,NA
"NAm_1024","gZI9MLRaHoLumTaWfqyB","paleo2measurement1","MXD",NA,"maximum latewood density","dendrophysical",FALSE,"NAm-LacRomanel.Schweingruber.1996","Wood",56.2,-67.7,1000,"Lac Romanel (Feucht)","1.0.8",1,"Summer","positive","air@surface",330,1659,1988,329,1,329,FALSE,TRUE,TRUE,TRUE,TRUE,TRUE,TRUE,0,TRUE,FALSE,TRUE,TRUE,TRUE,"","criteria",TRUE,NA
"NAm_1120","o54q2vzqLKudYQfVE81a","paleo2measurement1","MXD",NA,"maximum latewood density","dendrophysical",FALSE,"NAm-SmithersSkiArea.Schweingruber.1996","Wood",54.9,-127.3,1200,"Smithers Ski Area","1.0.8",1,"Summer","positive","air@surface",304,1680,1983,303,1,303,FALSE,TRUE,TRUE,TRUE,TRUE,TRUE,TRUE,0,TRUE,FALSE,TRUE,TRUE,TRUE,"","criteria",TRUE,NA
"NAm_1168","Lzug04PiusOAntzWSDh7","paleo2measurement1","MXD",NA,"maximum latewood density","dendrophysical",FALSE,"NAm-BellMountain.Schweingruber.1996","Wood",53.3,-120.7,1530,"Bell Mountain","1.0.8",1,"Summer","positive","air@surface",335,1649,1983,334,1,334,FALSE,TRUE,TRUE,TRUE,TRUE,TRUE,TRUE,0,TRUE,FALSE,TRUE,TRUE,TRUE,"","criteria",TRUE,NA
"NAm_1216","FWILEwpIgD2aF0mcUYwt","paleo2measurement1","MXD",NA,"maximum latewood density","dendrophysical",FALSE,"NAm-SunwaptaPass.Schweingruber.1996","Wood",52.3,-117,2000,"Sunwapta Pass","1.0.8",1,"Summer","positive","air@surface",376,1608,1983,375,1,375,FALSE,TRUE,TRUE,TRUE,TRUE,TRUE,TRUE,0,TRUE,FALSE,TRUE,TRUE,TRUE,"","criteria",TRUE,NA
"NAm_1240","lrlyFh0B63if96CT0dEf","paleo2measurement1","MXD",NA,"maximum latewood density","dendrophysical",FALSE,"NAm-PeytoLake.Schweingruber.1996","Wood",51.8,-116.2,2050,"Peyto Lake","1.0.8",1,"Summer","positive","air@surface",350,1634,1983,349,1,349,FALSE,TRUE,TRUE,TRUE,TRUE,TRUE,TRUE,0,TRUE,FALSE,TRUE,TRUE,TRUE,"","criteria",TRUE,NA
"NAm_1312","40DA8rnIp5S1lWFqjm46","paleo2measurement1","MXD",NA,"maximum latewood density","dendrophysical",FALSE,"NAm-VancouverCyprusProvincialPark.Briffa.1996","Wood",49.4,-123.1,1110,"Vancouver Cyprus Provincial Park","1.0.8",1,"Summer","positive","air@surface",571,1413,1983,570,1,570,FALSE,TRUE,TRUE,TRUE,TRUE,TRUE,TRUE,0,TRUE,FALSE,TRUE,TRUE,TRUE,"","criteria",TRUE,NA
"NAm_1360","NmqSDMpZwpUYilEF3gUt","paleo2measurement1","MXD",NA,"maximum latewood density","dendrophysical",FALSE,"NAm-ArrowsmithMountain.Briffa.1996","Wood",49.2,-125.2,1020,"Arrowsmith Mountain","1.0.8",1,"Summer","positive","air@surface",355,1629,1983,354,1,354,FALSE,TRUE,TRUE,TRUE,TRUE,TRUE,TRUE,0,TRUE,FALSE,TRUE,TRUE,TRUE,"","criteria",TRUE,NA
"NAm_1384","rl0r8UeSJrgYstgicoB4","paleo1measurement1","trsgi","unitless","ring width","dendrophysical",FALSE,"NAm-BigWhite.Parish.2000","Wood",49.9,-118.9,1700,"Big White","1.0.8",1,"Summer","positive","air@surface",330,1669,1998,329,1,329,FALSE,TRUE,TRUE,TRUE,TRUE,TRUE,TRUE,0,TRUE,FALSE,TRUE,TRUE,TRUE,"","criteria",TRUE,NA
"NAm_1396","Osmwf5rI661GR6ignkP1","paleo1measurement1","trsgi","unitless","ring width","dendrophysical",FALSE,"NAm-CoppermineRiver.Jacoby.1989","Wood",67.2,-115.9,213,"Coppermine River","1.0.8",1,"Summer","positive","air@surface",550,1428,1977,549,1,549,FALSE,TRUE,TRUE,TRUE,TRUE,TRUE,TRUE,0,TRUE,FALSE,TRUE,TRUE,TRUE,"","criteria",TRUE,NA
"NAm_1444","vKwPGlRzyLBQX0te1uz5","paleo2measurement1","MXD",NA,"maximum latewood density","dendrophysical",FALSE,"NAm-Bonif.Schweingruber.1996","Wood",55.3,-77.8,50,"Bonif  historisc","1.0.8",1,"Summer","positive","air@surface",638,1352,1989,637,1,637,FALSE,TRUE,TRUE,TRUE,TRUE,TRUE,TRUE,0,TRUE,FALSE,TRUE,TRUE,TRUE,"","criteria",TRUE,NA
"NAm_1468","qmHkjXQqEOYu7QMcgcB8","paleo2measurement1","MXD",NA,"maximum latewood density","dendrophysical",FALSE,"NAm-Athabasca.Schweingruber.1996","Wood",51.4,-117.3,2000,"Athabasca, historisch","1.0.8",1,"Summer","positive","air@surface",920,1072,1991,919,1,919,FALSE,TRUE,TRUE,TRUE,TRUE,TRUE,TRUE,0,TRUE,FALSE,TRUE,TRUE,TRUE,"","criteria",TRUE,NA
"NAm_1588","jlI6FDPTWxrnNE26jkaY","paleo2measurement1","MXD",NA,"maximum latewood density","dendrophysical",FALSE,"NAm-MeadowMountain.Wilson.2005","Wood",50.2,-117.1,2100,"Meadow Mountain","1.0.8",1,"Summer","positive","air@surface",313,1685,1997,312,1,312,FALSE,TRUE,TRUE,TRUE,TRUE,TRUE,TRUE,0,TRUE,FALSE,TRUE,TRUE,TRUE,"","criteria",TRUE,NA
"NAm_160","gJsyTY9m4xTtfk64UoBa","paleo2measurement1","MXD",NA,"maximum latewood density","dendrophysical",FALSE,"NAm-EurekaSummit.Schweingruber.1996","Wood",61.8,-147.3,960,"Eureka Summit","1.0.8",1,"Summer","positive","air@surface",330,1654,1983,329,1,329,FALSE,TRUE,TRUE,TRUE,TRUE,TRUE,TRUE,0,TRUE,FALSE,TRUE,TRUE,TRUE,"","criteria",TRUE,NA
"NAm_1648","n2g7LPnTPDZr840uLWFu","paleo2measurement1","MXD",NA,"maximum latewood density","dendrophysical",FALSE,"NAm-ParkMountain.Wilson.2005","Wood",50.6,-118.6,1830,"Park Mountain","1.0.8",1,"Summer","positive","air@surface",470,1528,1997,469,1,469,FALSE,TRUE,TRUE,TRUE,TRUE,TRUE,TRUE,0,TRUE,FALSE,TRUE,TRUE,TRUE,"","criteria",TRUE,NA
"NAm_1672","fmjNRGaPBk0VTbt54l20","paleo3measurement1","MXD",NA,"maximum latewood density","dendrophysical",FALSE,"NAm-BigWhite2.Wilson.2005","Wood",49.7,-118.9,2000,"Big White 2","1.0.8",1,"Summer","positive","air@surface",486,1512,1997,485,1,485,FALSE,TRUE,TRUE,TRUE,TRUE,TRUE,TRUE,0,TRUE,FALSE,TRUE,TRUE,TRUE,"","criteria",TRUE,NA
"NAm_1720","p2yp1Bkp7ej3cGm1MM1y","paleo2measurement1","MXD",NA,"maximum latewood density","dendrophysical",FALSE,"NAm-CornwallHills.Wilson.2005","Wood",50.7,-121.5,1980,"Cornwall Hills","1.0.8",1,"Summer","positive","air@surface",309,1689,1997,308,1,308,FALSE,TRUE,TRUE,TRUE,TRUE,TRUE,TRUE,0,TRUE,FALSE,TRUE,TRUE,TRUE,"","criteria",TRUE,NA
"NAm_1828","kQPoKgv6bLNhLohYz5P8","paleo1measurement1","trsgi","unitless","ring width","dendrophysical",FALSE,"NAm-Manitoba.D'Arrigo.2006","Wood",58,-94,100,"Manitoba composite","1.0.8",1,"Summer","positive","air@surface",333,1650,1982,332,1,332,FALSE,TRUE,TRUE,TRUE,TRUE,TRUE,TRUE,0,TRUE,FALSE,TRUE,TRUE,TRUE,"","criteria",TRUE,NA
"NAm_184","Fi6VwKh4sV4ixAk0h6g3","paleo1measurement1","trsgi","unitless","ring width","dendrophysical",FALSE,"NAm-MinersWell.Wiles.2000","Wood",60,-141.7,650,"Miners Well","1.0.8",1,"Summer","positive","air@surface",568,1428,1995,567,1,567,FALSE,TRUE,TRUE,TRUE,TRUE,TRUE,TRUE,0,TRUE,FALSE,TRUE,TRUE,TRUE,"","criteria",TRUE,NA
"NAm_196","1GEJ1MX73skdhM6tbV8Z","paleo1measurement1","trsgi","unitless","ring width","dendrophysical",FALSE,"NAm-CanyonCreek.Lloyd.2002","Wood",63.3,-147.8,884,"Canyon Creek","1.0.8",1,"Summer","positive","air@surface",356,1642,1997,355,1,355,FALSE,TRUE,TRUE,TRUE,TRUE,TRUE,TRUE,0,TRUE,FALSE,TRUE,TRUE,TRUE,"","criteria",TRUE,NA
"NAm_1996","kBEsXumenNT6CXivQyh2","paleo1measurement1","trsgi","unitless","ring width","dendrophysical",FALSE,"NAm-SnakeCreek.Kenigsberg.2013","Wood",59.6,-133.4,1350,"Snake Creek","1.0.8",1,"Annual","positive","air@surface",355,1645,1999,354,1,354,FALSE,TRUE,TRUE,TRUE,TRUE,TRUE,TRUE,0,TRUE,FALSE,TRUE,TRUE,TRUE,"","criteria",TRUE,NA
"NAm_220","0bwV9Qx7wW5DfaO34xz4","paleo1measurement1","trsgi","unitless","ring width","dendrophysical",FALSE,"NAm-KobukNoatak.King.2003","Wood",67.1,-159.6,100,"Kobuk/Noatak","1.0.8",1,"Summer","positive","air@surface",1015,978,1992,1014,1,1014,FALSE,TRUE,TRUE,TRUE,TRUE,TRUE,TRUE,0,TRUE,FALSE,TRUE,TRUE,TRUE,"","criteria",TRUE,NA
"NAm_2392","cfs7Nkc3zR1zYoquU7a9","paleo2measurement1","MXD",NA,"maximum latewood density","dendrophysical",FALSE,"NAm-Arapahoe.Kienast.1996","Wood",40.1,-105.6,3320,"Arapahoe","1.0.8",1,"Summer","positive","air@surface",373,1610,1982,372,1,372,FALSE,TRUE,TRUE,TRUE,TRUE,TRUE,TRUE,0,TRUE,FALSE,TRUE,TRUE,TRUE,"","criteria",TRUE,NA
"NAm_2464","a1dLmQv8NVQKbhVMUZsa","paleo2measurement1","MXD",NA,"maximum latewood density","dendrophysical",FALSE,"NAm-RedMountainPassSilverton.Graybill.1994","Wood",37.9,-107.7,3400,"Red Mountain Pass Silverton","1.0.8",1,"Summer","positive","air@surface",358,1626,1983,357,1,357,FALSE,TRUE,TRUE,TRUE,TRUE,TRUE,TRUE,0,TRUE,FALSE,TRUE,TRUE,TRUE,"","criteria",TRUE,NA
"NAm_2488","BHgEZaOZGO7aGoDiGaJE","paleo2measurement1","MXD",NA,"maximum latewood density","dendrophysical",FALSE,"NAm-PikePeaks.Harlan.1996","Wood",39.3,-105,3600,"Pike Peaks","1.0.8",1,"Summer","positive","air@surface",454,1530,1983,453,1,453,FALSE,TRUE,TRUE,TRUE,TRUE,TRUE,TRUE,0,TRUE,FALSE,TRUE,TRUE,TRUE,"","criteria",TRUE,NA
"NAm_2512","3PVfSU8x4N6WrPxZw2pH","paleo2measurement1","MXD",NA,"maximum latewood density","dendrophysical",FALSE,"NAm-CottonwoodPass.Briffa.1996","Wood",38.7,-107.6,3700,"Cottonwood Pass","1.0.8",1,"Summer","positive","air@surface",418,1565,1982,417,1,417,FALSE,TRUE,TRUE,TRUE,TRUE,TRUE,TRUE,0,TRUE,FALSE,TRUE,TRUE,TRUE,"","criteria",TRUE,NA
"NAm_2572","7S40aKVuGM9habv8J2QN","paleo2measurement1","MXD",NA,"maximum latewood density","dendrophysical",FALSE,"NAm-FoolCreek.Brown.2005","Wood",39.9,-105.9,3370,"Fool Creek","1.0.8",1,"Summer","positive","air@surface",698,1296,1993,697,1,697,FALSE,TRUE,TRUE,TRUE,TRUE,TRUE,TRUE,0,TRUE,FALSE,TRUE,TRUE,TRUE,"","criteria",TRUE,NA
"NAm_2596","FnOXrlfA3BHNzYz6FrNf","paleo1measurement1","trsgi","unitless","ring width","dendrophysical",FALSE,"NAm-CameronPass.Bigler.2007","Wood",40.6,-105.8,3100,"Cameron Pass","1.0.8",1,"Summer","positive","air@surface",452,1552,2003,451,1,451,FALSE,TRUE,TRUE,TRUE,TRUE,TRUE,TRUE,0,TRUE,FALSE,TRUE,TRUE,TRUE,"","criteria",TRUE,NA
"NAm_2632","SlfGEtxuxGNJbBe1b0sJ","paleo2measurement1","MXD",NA,"maximum latewood density","dendrophysical",FALSE,"NAm-GalenaPassSawtooth.Briffa.1996","Wood",43.9,-114.7,2580,"Galena Pass Sawtooth National Forest","1.0.8",1,"Summer","positive","air@surface",454,1530,1983,453,1,453,FALSE,TRUE,TRUE,TRUE,TRUE,TRUE,TRUE,0,TRUE,FALSE,TRUE,TRUE,TRUE,"","criteria",TRUE,NA
"NAm_2668","xEk5NItlgbga9xuThqfT","paleo2measurement1","MXD",NA,"maximum latewood density","dendrophysical",FALSE,"NAm-SleepingDeerRoad.Hughes.2005","Wood",44.6,-114.5,2820,"Sleeping Deer Road","1.0.8",1,"Summer","positive","air@surface",510,1488,1997,509,1,509,FALSE,TRUE,TRUE,TRUE,TRUE,TRUE,TRUE,0,TRUE,FALSE,TRUE,TRUE,TRUE,"","criteria",TRUE,NA
"NAm_2704","iGSpjgxYwluYmw0xQYTF","paleo2measurement1","MXD",NA,"maximum latewood density","dendrophysical",FALSE,"NAm-ElephantMountain.Conkey.1994","Wood",44.8,-70.8,930,"Elephant Mountain","1.0.8",1,"Summer","positive","air@surface",311,1667,1977,310,1,310,FALSE,TRUE,TRUE,TRUE,TRUE,TRUE,TRUE,0,TRUE,FALSE,TRUE,TRUE,TRUE,"","criteria",TRUE,NA
"NAm_2752","3hbPq9ThKfo7mCDlFkgc","paleo2measurement1","MXD",NA,"maximum latewood density","dendrophysical",FALSE,"NAm-HighlandFireOutlook.Briffa.1996","Wood",45.8,-112.5,2730,"Highland Fire Outlook","1.0.8",1,"Summer","positive","air@surface",488,1496,1983,487,1,487,FALSE,TRUE,TRUE,TRUE,TRUE,TRUE,TRUE,0,TRUE,FALSE,TRUE,TRUE,TRUE,"","criteria",TRUE,NA
"NAm_2776","ZnZDynpKbRro63UZqalz","paleo1measurement1","trsgi","unitless","ring width","dendrophysical",FALSE,"NAm-YellowMountainRidge.King.2002","Wood",45.3,-111.3,2500,"Yellow Mountain Ridge","1.0.8",1,"Summer","positive","air@surface",1529,470,1998,1528,1,1528,FALSE,TRUE,TRUE,TRUE,TRUE,TRUE,TRUE,0,TRUE,FALSE,TRUE,TRUE,TRUE,"","criteria",TRUE,NA
"NAm_2800","vsInHwWJKQgDOOCMqY5M","paleo2measurement1","MXD",NA,"maximum latewood density","dendrophysical",FALSE,"NAm-BakerLake.Hughes.2005","Wood",45.9,-114.3,2680,"Baker Lake","1.0.8",1,"Summer","positive","air@surface",564,1434,1997,563,1,563,FALSE,TRUE,TRUE,TRUE,TRUE,TRUE,TRUE,0,TRUE,FALSE,TRUE,TRUE,TRUE,"","criteria",TRUE,NA
"NAm_2812","O7T70Wjt5cEp3bZkJXue","paleo1measurement1","trsgi","unitless","ring width","dendrophysical",FALSE,"NAm-FlintCreekRange.Hughes.2005","Wood",46.3,-113.2,2645,"Flint Creek Range","1.0.8",1,"Summer","positive","air@surface",1000,999,1998,999,1,999,FALSE,TRUE,TRUE,TRUE,TRUE,TRUE,TRUE,0,TRUE,FALSE,TRUE,TRUE,TRUE,"","criteria",TRUE,NA
"NAm_2824","3LDchkuK7xhndDmyUhoz","paleo2measurement1","trsgi","unitless","ring width","dendrophysical",FALSE,"NAm-Pintlers.Littell.2011","Wood",46,-113.4,2700,"Pintlers","1.0.8",1,"Summer","positive","air@surface",806,1200,2005,805,1,805,FALSE,TRUE,TRUE,TRUE,TRUE,TRUE,TRUE,0,TRUE,FALSE,TRUE,TRUE,TRUE,"","criteria",TRUE,NA
"NAm_2848","vyppiGmln5TpB6lBnd96","paleo1measurement1","trsgi","unitless","ring width","dendrophysical",FALSE,"NAm-RoweLakes.Colenutt.2011","Wood",49,-114,2135,"Rowe Lakes","1.0.8",1,"Summer","positive","air@surface",739,1252,1990,738,1,738,FALSE,TRUE,TRUE,TRUE,TRUE,TRUE,TRUE,0,TRUE,FALSE,TRUE,TRUE,TRUE,"","criteria",TRUE,NA
"NAm_3100","VcYSgGSySEiwy5a4Hi1x","paleo2measurement1","MXD",NA,"maximum latewood density","dendrophysical",FALSE,"NAm-CraterLakeNE.Briffa.2002","Wood",43,-122.2,2200,"Crater Lake NE","1.0.8",1,"Summer","positive","air@surface",420,1564,1983,419,1,419,FALSE,TRUE,TRUE,TRUE,TRUE,TRUE,TRUE,0,TRUE,FALSE,TRUE,TRUE,TRUE,"","criteria",TRUE,NA
"NAm_3124","Wmzmt29ldRiTk8N3sBiQ","paleo2measurement1","MXD",NA,"maximum latewood density","dendrophysical",FALSE,"NAm-BarlowPassamMtHood.Briffa.1996","Wood",45.3,-121.7,1300,"Barlow Pass   am Mt.Hood","1.0.8",1,"Summer","positive","air@surface",480,1504,1983,479,1,479,FALSE,TRUE,TRUE,TRUE,TRUE,TRUE,TRUE,0,TRUE,FALSE,TRUE,TRUE,TRUE,"","criteria",TRUE,NA
"NAm_3184","miqU8Z4uszVXTzZ9LXTk","paleo1measurement1","trsgi","unitless","ring width","dendrophysical",FALSE,"NAm-TamarackBowl.Sauchyn.2016","Wood",49.3,-114.4,1838,"Tamarack Bowl","1.0.8",1,"Summer","positive","air@surface",397,1616,2012,396,1,396,FALSE,TRUE,TRUE,TRUE,TRUE,TRUE,TRUE,0,TRUE,FALSE,TRUE,TRUE,TRUE,"","criteria",TRUE,NA
"NAm_3244","fbFR2R5Tdm5d8BC2w3Tf","paleo2measurement1","MXD",NA,"maximum latewood density","dendrophysical",FALSE,"NAm-CeaderBreaks.Briffa.1996","Wood",37.6,-113.9,3120,"Ceader Breaks","1.0.8",1,"Summer","positive","air@surface",403,1581,1983,402,1,402,FALSE,TRUE,TRUE,TRUE,TRUE,TRUE,TRUE,0,TRUE,FALSE,TRUE,TRUE,TRUE,"","criteria",TRUE,NA
"NAm_3352","3RJU0QBcxU8Evlr8htuT","paleo1measurement1","trsgi","unitless","ring width","dendrophysical",FALSE,"NAm-GraniteMountain.Graumlich.2003","Wood",47.3,-121.3,1530,"Granite Mountain","1.0.8",1,"Summer","positive","air@surface",722,1259,1980,721,1,721,FALSE,TRUE,TRUE,TRUE,TRUE,TRUE,TRUE,0,TRUE,FALSE,TRUE,TRUE,TRUE,"","criteria",TRUE,NA
"NAm_3436","rr1hoanhV0XbCNL1Y264","paleo2measurement1","MXD",NA,"maximum latewood density","dendrophysical",FALSE,"NAm-MtStHelens.Briffa.1996","Wood",46.2,-122.2,1200,"Mt. St. Helens","1.0.8",1,"Summer","positive","air@surface",375,1609,1983,374,1,374,FALSE,TRUE,TRUE,TRUE,TRUE,TRUE,TRUE,0,TRUE,FALSE,TRUE,TRUE,TRUE,"","criteria",TRUE,NA
"NAm_3472","a86vdnAcMmqJYcZeopSg","paleo1measurement1","trsgi","unitless","ring width","dendrophysical",FALSE,"NAm-ShermanCreekPass.Briffa.1996","Wood",48.7,-118.3,1800,"Sherman Creek Pass","1.0.8",1,"Summer","positive","air@surface",379,1605,1983,378,1,378,FALSE,TRUE,TRUE,TRUE,TRUE,TRUE,TRUE,0,TRUE,FALSE,TRUE,TRUE,TRUE,"","criteria",TRUE,NA
"NAm_3484","a86vdnAcMmqJYcZeopSg","paleo2measurement1","MXD",NA,"maximum latewood density","dendrophysical",FALSE,"NAm-ShermanCreekPass.Briffa.1996","Wood",48.7,-118.3,1800,"Sherman Creek Pass","1.0.8",1,"Summer","positive","air@surface",379,1605,1983,378,1,378,FALSE,TRUE,TRUE,TRUE,TRUE,TRUE,TRUE,0,TRUE,FALSE,TRUE,TRUE,TRUE,"","criteria",TRUE,NA
"NAm_3520","OWeDrUlcEjeUyEOuj71q","paleo1measurement1","trsgi","unitless","ring width","dendrophysical",FALSE,"NAm-HohLakeHigh.Peterson.1994","Wood",47.9,-123.8,1465,"Hoh Lake High","1.0.8",1,"Summer","positive","air@surface",423,1570,1992,422,1,422,FALSE,TRUE,TRUE,TRUE,TRUE,TRUE,TRUE,0,TRUE,FALSE,TRUE,TRUE,TRUE,"","criteria",TRUE,NA
"NAm_3556","4VCrDvxZ6fifYG5Gp6GR","paleo1measurement1","trsgi","unitless","ring width","dendrophysical",FALSE,"NAm-MountAdamsLow.Peterson.1994","Wood",46.2,-121.5,1495,"Mount Adams Low","1.0.8",1,"Summer","positive","air@surface",383,1610,1992,382,1,382,FALSE,TRUE,TRUE,TRUE,TRUE,TRUE,TRUE,0,TRUE,FALSE,TRUE,TRUE,TRUE,"","criteria",TRUE,NA
"NAm_3604","E1FA19A8HZLbbPRTc2tu","paleo2measurement1","MXD",NA,"maximum latewood density","dendrophysical",FALSE,"NAm-PowderRiverPass.Briffa.1996","Wood",44.2,-107.1,2850,"Powder River Pass","1.0.8",1,"Summer","positive","air@surface",488,1496,1983,487,1,487,FALSE,TRUE,TRUE,TRUE,TRUE,TRUE,TRUE,0,TRUE,FALSE,TRUE,TRUE,TRUE,"","criteria",TRUE,NA
"NAm_3616","CRfp9Di93quv5EHeQAlN","paleo1measurement1","trsgi","unitless","ring width","dendrophysical",FALSE,"NAm-MedicineBowPeak.Briffa.1996","Wood",41.3,-107.7,3150,"Medicine Bow Peak","1.0.8",1,"Summer","positive","air@surface",583,1401,1983,582,1,582,FALSE,TRUE,TRUE,TRUE,TRUE,TRUE,TRUE,0,TRUE,FALSE,TRUE,TRUE,TRUE,"","criteria",TRUE,NA
"NAm_3628","CRfp9Di93quv5EHeQAlN","paleo2measurement1","MXD",NA,"maximum latewood density","dendrophysical",FALSE,"NAm-MedicineBowPeak.Briffa.1996","Wood",41.3,-107.7,3150,"Medicine Bow Peak","1.0.8",1,"Summer","positive","air@surface",583,1401,1983,582,1,582,FALSE,TRUE,TRUE,TRUE,TRUE,TRUE,TRUE,0,TRUE,FALSE,TRUE,TRUE,TRUE,"","criteria",TRUE,NA
"NAm_3652","bdN65NrwFNG7eSM5EEWx","paleo2measurement1","MXD",NA,"maximum latewood density","dendrophysical",FALSE,"NAm-SylvanPassbeiCody.Briffa.1996","Wood",44.4,-110.1,2580,"Sylvan Pass bei Cody","1.0.8",1,"Summer","positive","air@surface",596,1388,1983,595,1,595,FALSE,TRUE,TRUE,TRUE,TRUE,TRUE,TRUE,0,TRUE,FALSE,TRUE,TRUE,TRUE,"","criteria",TRUE,NA
"NAm_3676","BiYIzVBInBhb3QgpKjJx","paleo2measurement1","MXD",NA,"maximum latewood density","dendrophysical",FALSE,"NAm-GranitePassHuntMountain.Briffa.1996","Wood",44.8,-107.9,2820,"Granite Pass   Hunt Mountain","1.0.8",1,"Summer","positive","air@surface",476,1508,1983,475,1,475,FALSE,TRUE,TRUE,TRUE,TRUE,TRUE,TRUE,0,TRUE,FALSE,TRUE,TRUE,TRUE,"","criteria",TRUE,NA
"NAm_3700","ScjZ6KE00ndO8hgwbLhe","paleo2measurement1","MXD",NA,"maximum latewood density","dendrophysical",FALSE,"NAm-TogwateePass.Briffa.1996","Wood",43.7,-110.1,2820,"Togwatee Pass","1.0.8",1,"Summer","positive","air@surface",312,1672,1983,311,1,311,FALSE,TRUE,TRUE,TRUE,TRUE,TRUE,TRUE,0,TRUE,FALSE,TRUE,TRUE,TRUE,"","criteria",TRUE,NA
"NAm_3724","0kJEMKsd3JyCNzMwcmwP","paleo2measurement1","MXD",NA,"maximum latewood density","dendrophysical",FALSE,"NAm-SheepTrail.Brown.2005","Wood",41.4,-106.2,3235,"Sheep Trail","1.0.8",1,"Summer","positive","air@surface",518,1483,2000,517,1,517,FALSE,TRUE,TRUE,TRUE,TRUE,TRUE,TRUE,0,TRUE,FALSE,TRUE,TRUE,TRUE,"","criteria",TRUE,NA
"NAm_3748","s0ttpOQHnPoIuWfHmXiZ","paleo1measurement1","MXD",NA,"maximum latewood density","dendrophysical",FALSE,"NAm-WrangellsComposite.D'Arrigo.2006","Wood",62,-142,200,"Wrangells Composite","1.0.7",1,"Summer","positive","air@surface",459,1540,1998,458,1,458,FALSE,TRUE,TRUE,TRUE,TRUE,TRUE,TRUE,0,TRUE,FALSE,TRUE,TRUE,TRUE,"","criteria",TRUE,NA
"NAm_3772","lGSAqGdLyfj83d7Hk9ti","paleo1measurement1","MXD",NA,"maximum latewood density","dendrophysical",FALSE,"NAm-FirthRiver.Anchukaitis.2013","Wood",68.7,-141.6,790,"Firth River 1236","1.0.7",1,"Summer","positive","air@surface",930,1073,2002,929,1,929,FALSE,TRUE,TRUE,TRUE,TRUE,TRUE,TRUE,0,TRUE,FALSE,TRUE,TRUE,TRUE,"","criteria",TRUE,NA
"NAm_3865","6oug9NvecGotfzSvg48O","paleo1measurement1","thickness",NA,"varve thickness",NA,FALSE,"NAm-GreenLake.Menounos.2006","LakeSediment",50.2,-122.9,640,"Green Lake","1.0.7",1,"Mar-Oct","positive","air@surface",612,1388,1999,611,1,611,FALSE,TRUE,TRUE,TRUE,TRUE,TRUE,TRUE,0,TRUE,FALSE,TRUE,TRUE,TRUE,"","criteria",TRUE,NA
"NAm_388","4wg4CmRZ8LonWjPqFyd1","paleo1measurement1","trsgi","unitless","ring width","dendrophysical",FALSE,"NAm-PrinceWilliamSound.Barclay.1999","Wood",60.5,-148.3,100,"Prince William Sound","1.0.8",1,"Summer","positive","air@surface",1119,873,1991,1118,1,1118,FALSE,TRUE,TRUE,TRUE,TRUE,TRUE,TRUE,0,TRUE,FALSE,TRUE,TRUE,TRUE,"","criteria",TRUE,NA
"NAm_412","FhbNMHFTbBuCQnb9f2gm","paleo1measurement1","trsgi","unitless","ring width","dendrophysical",FALSE,"NAm-DeerMountain.Wiles.2011","Wood",55.3,-131.6,815,"Deer Mountain","1.0.8",1,"Summer","positive","air@surface",450,1550,1999,449,1,449,FALSE,TRUE,TRUE,TRUE,TRUE,TRUE,TRUE,0,TRUE,FALSE,TRUE,TRUE,TRUE,"","criteria",TRUE,NA
"NAm_424","iuh7gVnFXdxJalPJlGTa","paleo1measurement1","trsgi","unitless","ring width","dendrophysical",FALSE,"NAm-McGinnisTrail.Wiles.2013","Wood",58.4,-134.6,757,"McGinnis Trail","1.0.9",1,"Summer","positive","air@surface",620,1380,1999,619,1,619,FALSE,TRUE,TRUE,TRUE,TRUE,TRUE,TRUE,0,TRUE,FALSE,TRUE,TRUE,TRUE,"","criteria",TRUE,NA
"NAm_436","nLZT7ZDH9AjqorQqXjsu","paleo1measurement1","trsgi","unitless","ring width","dendrophysical",FALSE,"NAm-SouthernAlaskacomposite.D'Arrigo.2006","Wood",56,-132,0,"Southern Alaska composite","1.0.8",1,"Summer","positive","air@surface",658,1343,2000,657,1,657,FALSE,TRUE,TRUE,TRUE,TRUE,TRUE,TRUE,0,TRUE,FALSE,TRUE,TRUE,TRUE,"","criteria",TRUE,NA
"NAm_520","dNzMXiJaEqPhBtCLd2Ox","paleo2measurement1","MXD",NA,"maximum latewood density","dendrophysical",FALSE,"NAm-SnowBowlSanFranciscoPeak.Briffa.2002","Wood",35.4,-110.2,3150,"Snow Bowl San Francisco Peak","1.0.8",1,"Summer","positive","air@surface",531,1453,1983,530,1,530,FALSE,TRUE,TRUE,TRUE,TRUE,TRUE,TRUE,0,TRUE,FALSE,TRUE,TRUE,TRUE,"","criteria",TRUE,NA
"NAm_760","qvWJhCp9bttXwvs63gGC","paleo2measurement1","MXD",NA,"maximum latewood density","dendrophysical",FALSE,"NAm-YosemiteParkEEingang.Briffa.1996","Wood",37.8,-119.3,3000,"Yosemite Park   E Eingang","1.0.8",1,"Summer","positive","air@surface",471,1513,1983,470,1,470,FALSE,TRUE,TRUE,TRUE,TRUE,TRUE,TRUE,0,TRUE,FALSE,TRUE,TRUE,TRUE,"","criteria",TRUE,NA
"NAm_808","OJyiy7wfMSWmluj2SLFW","paleo1measurement1","trsgi","unitless","ring width","dendrophysical",FALSE,"NAm-FishCreekTrail.Biondi.2001","Wood",34.1,-116.8,2890,"Fish Creek Trail (San Gorgonio)","1.0.8",1,"Summer","positive","air@surface",462,1534,1995,461,1,461,FALSE,TRUE,TRUE,TRUE,TRUE,TRUE,TRUE,0,TRUE,FALSE,TRUE,TRUE,TRUE,"","criteria",TRUE,NA
"NAm_916","2FvCF2PaGQwWNj336MFf","paleo1measurement1","trsgi","unitless","ring width","dendrophysical",FALSE,"NAm-FortChimo.Fritts.1981","Wood",58.4,-68.4,46,"Fort Chimo (Merged)","1.0.8",1,"Summer","positive","air@surface",334,1641,1974,333,1,333,FALSE,TRUE,TRUE,TRUE,TRUE,TRUE,TRUE,0,TRUE,FALSE,TRUE,TRUE,TRUE,"","criteria",TRUE,NA
"NPMlaanila2","IPmiscNlD7F5Jqqx6Aei","paleo1measurement1","MXD","unitless","maximum latewood density","dendrophysical",FALSE,"Arc-Laanila.Lindholm.2013","Wood",68.4917,27.3333,265,"Laanila","1.0.7",1,"Jun-Aug","positive","air@surface",1206,800,2005,1205,1,1205,FALSE,TRUE,TRUE,TRUE,TRUE,TRUE,TRUE,0,TRUE,FALSE,TRUE,TRUE,TRUE,"","criteria",TRUE,NA
"Ocean2kHR_001","YLFmFrWNwDEkROTo0KEG","paleo1measurement1","d18O","permil","d18O",NA,FALSE,"Ocn-Malindi.Cole.2000","Coral",-3.2,40.1,-6,"Malindi","1.0.6",1,"Nov-Oct","negative","sea@surface",194,1801,1994,193,1,193,FALSE,TRUE,TRUE,TRUE,TRUE,TRUE,TRUE,0,TRUE,FALSE,TRUE,TRUE,TRUE,"","criteria",TRUE,NA
"Ocean2kHR_002","lbHSkWE39gmGdX5bg70V","paleo1measurement1","d18O","permil","d18O",NA,FALSE,"Ocn-Mayotte.Zinke.2008","Coral",-12.65,45.1,-3,"Mayotte","1.0.7",1,"subannual","negative","sea@surface",769,1865.62,1993.62,128,0.170000000000073,128,FALSE,TRUE,TRUE,TRUE,TRUE,TRUE,TRUE,0,TRUE,FALSE,TRUE,TRUE,TRUE,"","criteria",TRUE,NA
"Ocean2kHR_003","lbHSkWE39gmGdX5bg70V","paleo2measurement1","Sr/Ca","mmol/mol","Sr/Ca",NA,FALSE,"Ocn-Mayotte.Zinke.2008","Coral",-12.65,45.1,-3,"Mayotte","1.0.7",1,"subannual","negative","sea@surface",677,1881.62,1994.29,112.67,0.170000000000073,112.67,FALSE,TRUE,TRUE,TRUE,TRUE,TRUE,TRUE,0,TRUE,FALSE,TRUE,TRUE,TRUE,"","criteria",TRUE,NA
"Ocean2kHR_008","3ad83kkkuFU2VN7wxotp","paleo1measurement1","d18O","permil","d18O",NA,FALSE,"Ocn-Ningaloo.Kuhnert.2000","Coral",-21.905,113.965,-3,"Ningaloo","1.0.8",1,"subannual","negative","sea@surface",766,1878.71,1995.21,116.5,0.159999999999854,116.5,FALSE,TRUE,TRUE,TRUE,TRUE,TRUE,TRUE,0,TRUE,FALSE,TRUE,TRUE,TRUE,"","criteria",TRUE,NA
"Ocean2kHR_010","mW3qQGmBUGGQiJ6NUCFJ","paleo1measurement1","d18O","permil","d18O",NA,FALSE,"Ocn-MentawaiIslands.Abram.2008","Coral",-0.13,98.52,-6,"Mentawai Islands","1.0.6",1,"subannual","negative","sea@surface",1670,1858.29,1997.96,139.67,0.0799999999999272,139.67,FALSE,TRUE,TRUE,TRUE,TRUE,TRUE,TRUE,0,TRUE,FALSE,TRUE,TRUE,TRUE,"","criteria",TRUE,NA
"Ocean2kHR_011","ITsvXkQpRty6xRuM1bpI","paleo1measurement1","d18O","permil","d18O",NA,FALSE,"Ocn-Mahe.Charles.1997","Coral",-4.62,55,-7,"Mahe","1.0.6",1,"subannual","negative","sea@surface",1784,1846.54,1995.13,148.59,0.0799999999999272,148.59,FALSE,TRUE,TRUE,TRUE,TRUE,TRUE,TRUE,0,TRUE,FALSE,TRUE,TRUE,TRUE,"","criteria",TRUE,NA
"Ocean2kHR_012","8OM2LD4AkILDPXk8QCGv","paleo1measurement1","d18O","permil","d18O",NA,FALSE,"Ocn-Malindi.Nakamura.2009","Coral",-3.2,40.1,-4.4,"Malindi","1.0.6",1,"subannual","negative","sea@surface",1388,1886.96,2002.71,115.75,0.0799999999999272,115.75,FALSE,TRUE,TRUE,TRUE,TRUE,TRUE,TRUE,0,TRUE,FALSE,TRUE,TRUE,TRUE,"","criteria",TRUE,NA
"Ocean2kHR_013","iYNO0xVvso6KyHaABuL6","paleo1measurement1","d18O","permil","d18O",NA,FALSE,"Ocn-Reunion.Pfeiffer.2004","Coral",-21.0333,55.25,-12.3,"Reunion","1.0.7",1,"subannual","negative","sea@surface",983,1832,1995.67,163.67,0.170000000000073,163.67,FALSE,TRUE,TRUE,TRUE,TRUE,TRUE,TRUE,0,TRUE,FALSE,TRUE,TRUE,TRUE,"","criteria",TRUE,NA
"Ocean2kHR_018","wH1adV7y36OC0h3kwDRF","paleo1measurement1","d18O","permil","d18O",NA,FALSE,"Ocn-SinaiPeninsula,RedSea.Moustafa.2000","Coral",27.8483,34.31,-3,"Sinai Peninsula, Red Sea","1.0.7",1,"subannual","negative","sea@surface",514,1897.12,1993.12,96,0.179999999999836,96,FALSE,TRUE,TRUE,TRUE,TRUE,TRUE,TRUE,0,TRUE,FALSE,TRUE,TRUE,TRUE,"","criteria",TRUE,NA
"Ocean2kHR_019","4fZQAHmeuJn8ipLfurWv","paleo1measurement1","d18O","permil","d18O",NA,FALSE,"Ocn-RedSea.Felis.2000","Coral",27.85,34.32,-6,"Red Sea","1.0.7",1,"subannual","negative","sea@surface",1468,1751.083,1995.583,244.5,0.166999999999916,244.5,FALSE,TRUE,TRUE,TRUE,TRUE,TRUE,TRUE,0,TRUE,FALSE,TRUE,TRUE,TRUE,"","criteria",TRUE,NA
"Ocean2kHR_021","DcsJyAPdhrDHNERrmmF8","paleo1measurement1","d18O","permil","d18O",NA,FALSE,"Ocn-Ifaty1.Zinke.2014","Coral",-23.15,43.58,-1.1,"Ifaty","1.0.6",1,"Mar-Oct","negative","sea@surface",113,1882,1994,112,1,112,FALSE,TRUE,TRUE,TRUE,TRUE,TRUE,TRUE,0,TRUE,FALSE,TRUE,TRUE,TRUE,"","criteria",TRUE,NA
"Ocean2kHR_022","qTLNiGawxQ4fioSpngI3","paleo1measurement1","d18O","permil","d18O",NA,FALSE,"Ocn-IfatyTul3.Zinke.2014","Coral",-23.3572,43.6195,-1.1,"Ifaty","1.0.6",1,"Mar-Oct","negative","sea@surface",90,1905,1994,89,1,89,FALSE,TRUE,TRUE,TRUE,TRUE,TRUE,TRUE,0,TRUE,FALSE,TRUE,TRUE,TRUE,"","criteria",TRUE,NA
"Ocean2kHR_023","LcuHzZjcWRBIfFfzw1Xn","paleo1measurement1","d18O","permil","d18O",NA,FALSE,"Ocn-HoutmanAbrolhos.Kuhnert.1999","Coral",-28.47,113.77,-5,"Houtman Abrolhos","1.0.8",1,"subannual","negative","sea@surface",1529,1794.708,1994.375,199.667,0.125,199.667,FALSE,TRUE,TRUE,TRUE,TRUE,TRUE,TRUE,0,TRUE,FALSE,TRUE,TRUE,TRUE,"","criteria",TRUE,NA
"Ocean2kHR_025","oMrJt3X69j8Eg6cp6d5i","paleo1measurement1","Sr/Ca","mmol/mol","Sr/Ca",NA,FALSE,"Ocn-HoutmanAbrolhosHAB05B.Zinke.2014","Coral",-28.4609,113.772,-8,"Houtman Abrolhos","1.0.7",1,"Annual","negative","sea@surface",193,1798,2010,212,1,212,FALSE,TRUE,TRUE,TRUE,TRUE,TRUE,TRUE,0,TRUE,FALSE,TRUE,TRUE,TRUE,"","criteria",TRUE,NA
"Ocean2kHR_026","te8vD8CX5yF6DxXm2EPx","paleo1measurement1","d18O","permil","d18O",NA,FALSE,"Ocn-HoutmanAbrolhosHAB10A.Zinke.2014","Coral",-28.4589,113.749,-8,"Houtman Abrolhos","1.0.7",1,"Annual","negative","sea@surface",152,1848,2010,162,1,162,FALSE,TRUE,TRUE,TRUE,TRUE,TRUE,TRUE,0,TRUE,FALSE,TRUE,TRUE,TRUE,"","criteria",TRUE,NA
"Ocean2kHR_027","te8vD8CX5yF6DxXm2EPx","paleo1measurement1","Sr/Ca","mmol/mol","Sr/Ca",NA,FALSE,"Ocn-HoutmanAbrolhosHAB10A.Zinke.2014","Coral",-28.4589,113.749,-8,"Houtman Abrolhos","1.0.7",1,"Annual","negative","sea@surface",150,1848,2010,162,1,162,FALSE,TRUE,TRUE,TRUE,TRUE,TRUE,TRUE,0,TRUE,FALSE,TRUE,TRUE,TRUE,"","criteria",TRUE,NA
"Ocean2kHR_096","64oGy51dj5nbd2bbYHEE","paleo1measurement1","d18O","permil","d18O",NA,FALSE,"Ocn-LosRoques.Hetzinger.2008","Coral",11.77,-66.75,-2,"Los Roques, Venezuela","1.0.6",1,"subannual","negative","sea@surface",1045,1917.79,2004.79,87,0.0799999999999272,87,FALSE,TRUE,TRUE,TRUE,TRUE,TRUE,TRUE,0,TRUE,FALSE,TRUE,TRUE,TRUE,"","criteria",TRUE,NA
"Ocean2kHR_097","XjodChDTfzumKfCZ7kMp","paleo1measurement1","d18O","permil","d18O",NA,FALSE,"Ocn-Guadeloupe.Steinhilber.2010","Coral",16.2,-61.49,-1.7,"Guadeloupe","1.0.8",1,"subannual","negative","sea@surface",1206,1895.7,1999.21,103.51,0.0800000000001546,103.51,FALSE,TRUE,TRUE,TRUE,TRUE,TRUE,TRUE,0,TRUE,FALSE,TRUE,TRUE,TRUE,"","criteria",TRUE,NA
"Ocean2kHR_098","XjodChDTfzumKfCZ7kMp","paleo1measurement1","Sr/Ca","mmol/mol","Sr/Ca",NA,FALSE,"Ocn-Guadeloupe.Steinhilber.2010","Coral",16.2,-61.49,-1.7,"Guadeloupe","1.0.8",1,"subannual","negative","sea@surface",1206,1895.7,1999.21,103.51,0.0800000000001546,103.51,FALSE,TRUE,TRUE,TRUE,TRUE,TRUE,TRUE,0,TRUE,FALSE,TRUE,TRUE,TRUE,"","criteria",TRUE,NA
"Ocean2kHR_099","f01nLhWrK79GaeGd07hp","paleo1measurement1","d18O","permil","d18O",NA,FALSE,"Ocn-TurrumoteReefPuertoRico.Kilbourne.2008","Coral",17.93,-67,-5,"Turrumote Reef, Puerto Rico","1.0.7",1,"Jul-Jun","negative","sea@surface",253,1751,2004,253,1,253,FALSE,TRUE,TRUE,TRUE,TRUE,TRUE,TRUE,0,TRUE,FALSE,TRUE,TRUE,TRUE,"","criteria",TRUE,NA
"Ocean2kHR_100","f01nLhWrK79GaeGd07hp","paleo1measurement1","Sr/Ca","mmol/mol","Sr/Ca",NA,FALSE,"Ocn-TurrumoteReefPuertoRico.Kilbourne.2008","Coral",17.93,-67,-5,"Turrumote Reef, Puerto Rico","1.0.7",1,"Jul-Jun","negative","sea@surface",253,1751,2004,253,1,253,FALSE,TRUE,TRUE,TRUE,TRUE,TRUE,TRUE,0,TRUE,FALSE,TRUE,TRUE,TRUE,"","criteria",TRUE,NA
"Ocean2kHR_113","0uFbi6ioaAGZauZPIe49","paleo1measurement1","Sr/Ca","mmol/mol","Sr/Ca",NA,FALSE,"Ocn-TongueoftheOceanExuma.Rosenheim.2005","Sclerosponge",23.766,-76.053,-136,"Tongue of the Ocean, Exuma Sound Bahamas","1.0.6",1,"Annual","negative","sea@surface",101,1890,1990,100,1,100,FALSE,TRUE,TRUE,TRUE,TRUE,TRUE,TRUE,3,TRUE,FALSE,TRUE,TRUE,TRUE,"","criteria",TRUE,NA
"Ocean2kHR_122","0Ty02Bf6SVgd3023WClZ","paleo1measurement1","d18O","permil","d18O",NA,FALSE,"Ocn-GulfofMaine.Wanamaker.2007","MarineSediment",43.6561,-69.8017,-30,"Gulf of Maine","1.0.7",1,"Annual","negative","sea@surface",329,1033,2003,970,1,970,FALSE,TRUE,TRUE,TRUE,TRUE,TRUE,FALSE,0,TRUE,TRUE,TRUE,TRUE,TRUE,"","criteria",TRUE,NA
"Ocean2kHR_130","aumxeNse6c6rZcKl2fjP","paleo1measurement1","calcificationRate","cm/yr","calcification rate","mineral",FALSE,"Ocn-GingerbreadsBahamas.Saenger.2009","Coral",25.84,-78.62,-4,"Gingerbreads Bahamas","1.0.6",1,"Sep-Aug","negative","sea@surface",440,1552,1991,439,1,439,FALSE,TRUE,TRUE,TRUE,TRUE,TRUE,TRUE,0,TRUE,FALSE,TRUE,TRUE,TRUE,"","criteria",TRUE,NA
"Ocean2kHR_131","PKqray0JH7seqXY3UOi1","paleo1measurement1","calcificationRate","mm/yr","calcification rate","mineral",FALSE,"Ocn-PuntaMaroma.Vasquez-Bedoya.2012","Coral",20.83,-86.74,-3.1,"Punta Maroma, Mexico","1.0.9",1,"Annual","negative","sea@surface",237,1773,2009,236,1,236,FALSE,TRUE,TRUE,TRUE,TRUE,TRUE,TRUE,0,TRUE,FALSE,TRUE,TRUE,TRUE,"","criteria",TRUE,NA
"Ocean2kHR_132","giFn8xH6uWftP06dSlGQ","paleo1measurement1","d18O","permil","d18O",NA,FALSE,"Ocn-Moorea.Boiseau.1998","Coral",-17.5,-149.8333,-5,"Moorea","1.0.7",1,"subannual","negative","sea@surface",139,1852.5,1990.5,138,1,138,FALSE,TRUE,TRUE,TRUE,TRUE,TRUE,TRUE,0,TRUE,FALSE,TRUE,TRUE,TRUE,"","criteria",TRUE,NA
"Ocean2kHR_134","nMnGyRMkchBVRjhUfd4Y","paleo1measurement1","Sr/Ca","mmol/mol","Sr/Ca",NA,FALSE,"Ocn-AmedeeIsland.DeLong.2012","Coral",-22.475,166.4667,-3,"Amedee Island","1.0.6",1,"subannual","negative","sea@surface",4211,1648.95833333365,1999.79166666667,350.83333333302,0.0833333333300743,350.83333333302,FALSE,TRUE,TRUE,TRUE,TRUE,TRUE,TRUE,0,TRUE,FALSE,TRUE,TRUE,TRUE,"","criteria",TRUE,NA
"Ocean2kHR_135","r1KrEuEwfDwInsLmaGGu","paleo1measurement1","d18O","permil","d18O",NA,FALSE,"Ocn-Kiritimati.Evans.1998","Coral",1.6792,-157.2473,-9,"Kiritimati","1.0.8",1,"subannual","negative","sea@surface",665,1938.292,1993.625,55.3330000000001,0.0830000000000837,55.3330000000001,FALSE,TRUE,TRUE,TRUE,TRUE,TRUE,TRUE,0,TRUE,FALSE,TRUE,TRUE,TRUE,"","criteria",TRUE,NA
"Ocean2kHR_137","cYeN21zJHuTYfl68zij6","paleo1measurement1","Sr/Ca","mmol/mol","Sr/Ca",NA,FALSE,"Ocn-XishaIslandSouthChinaSea.Sun.2004","Coral",16.85,112.33,-20,"Xisha Island, South China Sea","1.0.6",1,"subannual","negative","sea@surface",1060,1906,1994.34,88.3399999999999,0.0800000000001546,88.3399999999999,FALSE,TRUE,TRUE,TRUE,TRUE,TRUE,TRUE,0,TRUE,FALSE,TRUE,TRUE,TRUE,"","criteria",TRUE,NA
"Ocean2kHR_139","ZA2B9QoiR70l4hEMXItG","paleo1measurement1","d18O","permil","d18O",NA,FALSE,"Ocn-Palmyra.Cobb.2013","Coral",5.87,-162.13,-7,"Palmyra","1.0.8",1,"subannual","negative","sea@surface",6384,928.125,1998.377,1070.252,0.0830000000000837,1070.252,FALSE,TRUE,TRUE,TRUE,TRUE,TRUE,TRUE,0,TRUE,FALSE,TRUE,TRUE,TRUE,"","criteria",TRUE,NA
"Ocean2kHR_141","mC3atfdldWXU1HdElIxX","paleo1measurement1","d18O","permil","d18O",NA,FALSE,"Ocn-LaingIslandPapuaNewGuinea.Tudhope.2001","Coral",-4.15,144.8833,-3,"Laing Island, Papua New Guinea","1.0.6",1,"subannual","negative","sea@surface",435,1884.542,1993.042,108.5,0.25,108.5,FALSE,TRUE,TRUE,TRUE,TRUE,TRUE,TRUE,0,TRUE,FALSE,TRUE,TRUE,TRUE,"","criteria",TRUE,NA
"Ocean2kHR_142","xrxmt5mo87aEy7bal7Fj","paleo1measurement1","d18O","permil","d18O",NA,FALSE,"Ocn-SavusavuBayFiji.Bagnato.2005","Coral",-16.82,179.23,-2,"Savusavu Bay, Fiji","1.0.6",1,"Annual","negative","sea@surface",226,1776,2001,225,1,225,FALSE,TRUE,TRUE,TRUE,TRUE,TRUE,TRUE,0,TRUE,FALSE,TRUE,TRUE,TRUE,"","criteria",TRUE,NA
"Ocean2kHR_143","RY1UYOA686pVeV8mHd7V","paleo1measurement1","Sr/Ca","mmol/mol","Sr/Ca",NA,FALSE,"Ocn-NewIrelandPapua.Alibert.2008","Coral",-2.5,150.5,-8,"New Ireland, Papua","1.0.6",1,"subannual","negative","sea@surface",2082,1823.0833,1997.25,174.1667,0.0833000000000084,174.1667,FALSE,TRUE,TRUE,TRUE,TRUE,TRUE,TRUE,0,TRUE,FALSE,TRUE,TRUE,TRUE,"","criteria",TRUE,NA
"Ocean2kHR_144","qdeYKHwTRO2i8OjKbkrG","paleo1measurement1","d18O","permil","d18O",NA,FALSE,"Ocn-Rabaul.Quinn.2006","Coral",-4.1916,151.9772,-8,"Rabaul","1.0.7",1,"subannual","negative","sea@surface",1563,1867.38,1997.54,130.16,0.0799999999999272,130.16,FALSE,TRUE,TRUE,TRUE,TRUE,TRUE,TRUE,0,TRUE,FALSE,TRUE,TRUE,TRUE,"","criteria",TRUE,NA
"Ocean2kHR_147","naORfhZh63chmKeZfEEb","paleo1measurement1","d18O","permil","d18O",NA,FALSE,"Ocn-Rarotonga_d18O2R.Linsley.2006","Coral",-21.2378,-159.8278,-18.3,"Rarotonga","1.0.7",1,"subannual","negative","sea@surface",2162,1726.78,1996.91,270.13,0.130000000000109,270.13,FALSE,TRUE,TRUE,TRUE,TRUE,TRUE,TRUE,0,TRUE,FALSE,TRUE,TRUE,TRUE,"","criteria",TRUE,NA
"Ocean2kHR_149","42Y3dTVrfgNSXw8sxdjK","paleo1measurement1","Sr/Ca","mmol/mol","Sr/Ca",NA,FALSE,"Ocn-RarotongaSrCa2r.Linsley.2006","Coral",-21.2378,-159.8278,-18.3,"Rarotonga","1.0.6",1,"subannual","negative","sea@surface",2162,1726.84,1996.96,270.12,0.120000000000118,270.12,FALSE,TRUE,TRUE,TRUE,TRUE,TRUE,TRUE,0,TRUE,FALSE,TRUE,TRUE,TRUE,"","criteria",TRUE,NA
"Ocean2kHR_150","DsyeOkTQsjzGoquEy6yg","paleo1measurement1","d18O","permil","d18O",NA,FALSE,"Ocn-Rarotonga_d18O3R.Linsley.2006","Coral",-21.2378,-159.8278,-10,"Rarotonga","1.0.7",1,"subannual","negative","sea@surface",1005,1874.68,2000.18,125.5,0.125,125.5,FALSE,TRUE,TRUE,TRUE,TRUE,TRUE,TRUE,0,TRUE,FALSE,TRUE,TRUE,TRUE,"","criteria",TRUE,NA
"Ocean2kHR_152","I4x6h14gYLxI0uZAKd7D","paleo1measurement1","d18O","permil","d18O",NA,FALSE,"Ocn-Rarotonga_d18O99.Linsley.2006","Coral",-21.2378,-159.8278,-18,"Rarotonga","1.0.7",1,"subannual","negative","sea@surface",744,1906.88,1999.75,92.8699999999999,0.119999999999891,92.8699999999999,FALSE,TRUE,TRUE,TRUE,TRUE,TRUE,TRUE,0,TRUE,FALSE,TRUE,TRUE,TRUE,"","criteria",TRUE,NA
"Ocean2kHR_154","EZIGAmqkV9edwhpUHk0k","paleo1measurement1","d18O","permil","d18O",NA,FALSE,"Ocn-Vanuatu.Gorman.2012","Coral",-15.94,166.04,-8,"Vanuatu","1.0.8",1,"subannual","negative","sea@surface",1981,1842.625,2007.625,165,0.0833330000000387,165,FALSE,TRUE,TRUE,TRUE,TRUE,TRUE,TRUE,0,TRUE,FALSE,TRUE,TRUE,TRUE,"","criteria",TRUE,NA
"Ocean2kHR_156","wYpxFR9Pyv4J9dA8bfh9","paleo1measurement1","d18O","permil","d18O",NA,FALSE,"Ocn-SavusavuBayAB.Linsley.2006","Coral",-16.8167,179.2333,-10,"Savusavu Bay","1.0.6",1,"subannual","negative","sea@surface",385,1617.5,2001.5,384,1,384,FALSE,TRUE,TRUE,TRUE,TRUE,TRUE,TRUE,0,TRUE,FALSE,TRUE,TRUE,TRUE,"","criteria",TRUE,NA
"Ocean2kHR_158","8pJ18fkkg0KCwSLcJycU","paleo1measurement1","Sr/Ca","mmol/mol","Sr/Ca",NA,FALSE,"Ocn-SavusavuBay1F.Linsley.2006","Coral",-16.8167,179.2333,-10,"Savusavu Bay","1.0.6",1,"subannual","negative","sea@surface",216,1781.5,1996.5,215,1,215,FALSE,TRUE,TRUE,TRUE,TRUE,TRUE,TRUE,0,TRUE,FALSE,TRUE,TRUE,TRUE,"","criteria",TRUE,NA
"Ocean2kHR_159","7Vpi014iQcSWKoTQMLe8","paleo1measurement1","Sr/Ca","mmol/mol","Sr/Ca",NA,FALSE,"Ocn-HaferaIsland.Wu.2013","Coral",-19.9333,-174.7167,-10,"Hafera Island","1.0.7",1,"subannual","negative","sea@surface",213,1791,2003,212,1,212,FALSE,TRUE,TRUE,TRUE,TRUE,TRUE,TRUE,0,TRUE,FALSE,TRUE,TRUE,TRUE,"","criteria",TRUE,NA
"Ocean2kHR_161","tSHGSSAVKOdudrPIGtsq","paleo1measurement1","Sr/Ca","mmol/mol","Sr/Ca",NA,FALSE,"Ocn-Palmyra.Nurhati.2011","Coral",5.87,-162.13,-10,"Palmyra","1.0.7",1,"subannual","negative","sea@surface",1347,1886.13,1998.29,112.16,0.0799999999999272,112.16,FALSE,TRUE,TRUE,TRUE,TRUE,TRUE,TRUE,0,TRUE,FALSE,TRUE,TRUE,TRUE,"","criteria",TRUE,NA
"Ocean2kHR_163","Y0bLO0QNOCHwb7hsD6z7","paleo1measurement1","d18O","permil","d18O",NA,FALSE,"Ocn-Miyanohama.Felis.2009","Coral",27.1059,142.1941,-5.6,"Miyanohama","1.0.7",1,"subannual","negative","sea@surface",737,1872.25,1994.917,122.667,0.166999999999916,122.667,FALSE,TRUE,TRUE,TRUE,TRUE,TRUE,TRUE,0,TRUE,FALSE,TRUE,TRUE,TRUE,"","criteria",TRUE,NA
"Ocean2kHR_165_iso2k","xYGfq303ke1Az0v0nKSM","paleo1measurement1","d13C","permil","d13C",NA,FALSE,"CO09FEOG","Coral",27.1059,142.1941,-5.6,"Miyanohama","1.1.8",1,"subannual","negative","sea@surface",737,1872.25,1994.917,122.667,0.166999999999916,122.667,FALSE,TRUE,TRUE,TRUE,TRUE,TRUE,TRUE,0,TRUE,FALSE,TRUE,TRUE,TRUE,"","criteria",TRUE,NA
"Ocean2kHR_166","afZ0M1nnEXSX8vSJISOl","paleo1measurement1","d18O","permil","d18O",NA,FALSE,"Ocn-DoubleReef.Asami.2005","Coral",13.5982,144.8359,-7.8,"Double Reef","1.0.6",1,"subannual","negative","sea@surface",2523,1790.04,2000.21,210.17,0.0799999999999272,210.17,FALSE,TRUE,TRUE,TRUE,TRUE,TRUE,TRUE,0,TRUE,FALSE,TRUE,TRUE,TRUE,"","criteria",TRUE,NA
"Ocean2kHR_167","Fc74zC3enQVmIati6Jt9","paleo1measurement1","d18O","permil","d18O",NA,FALSE,"Ocn-AbrahamReef.Druffel.1999","Coral",-22.1,153,-2.5,"Abraham Reef","1.0.7",1,"Annual","negative","sea@surface",334,1638.3,1983.3,345,1,345,FALSE,TRUE,TRUE,TRUE,TRUE,TRUE,TRUE,0,TRUE,FALSE,TRUE,TRUE,TRUE,"","criteria",TRUE,NA
"Ocean2kHR_169","4dAJx1PANL8GCgXrQ66m","paleo1measurement1","d18O","permil","d18O",NA,FALSE,"Ocn-ClippertonAtoll.Linsley.2000","Coral",10.2773,-109.2131,-8.2,"Clipperton Atoll","1.0.8",1,"subannual","negative","sea@surface",1204,1893.79,1994.04,100.25,0.0799999999999272,100.25,FALSE,TRUE,TRUE,TRUE,TRUE,TRUE,TRUE,0,TRUE,FALSE,TRUE,TRUE,TRUE,"","criteria",TRUE,NA
"Ocean2kHR_173","cQjZafljfSW19guiamVm","paleo1measurement1","d18O","permil","d18O",NA,FALSE,"Ocn-UrvinaBay.Dunbar.1994","Coral",-0.4,-91.23,-1.5,"Urvina Bay","1.0.7",1,"Annual","negative","sea@surface",362,1607,1981,374,1,374,FALSE,TRUE,TRUE,TRUE,TRUE,TRUE,TRUE,0,TRUE,FALSE,TRUE,TRUE,TRUE,"","criteria",TRUE,NA
"Ocean2kHR_174","LPj78egHvC0LXqVm73JJ","paleo1measurement1","d18O","permil","d18O",NA,FALSE,"Ocn-MaloChannelEspirituSantoIsland.Kilbourne.2004","Coral",-15.7,167.2,-1.5,"Malo Channel, Espiritu Santo Island, Vanuatu","1.0.8",1,"subannual","negative","sea@surface",953,1928.54,1992.46,63.9200000000001,0.0600000000001728,63.9200000000001,FALSE,TRUE,TRUE,TRUE,TRUE,TRUE,TRUE,0,TRUE,FALSE,TRUE,TRUE,TRUE,"","criteria",TRUE,NA
"Ocean2kHR_176_iso2k","qPOKtJkB2tJB5xlBmJk2","paleo1measurement1","d13C","permil","d13C",NA,FALSE,"CO04KIVA","Coral",-15.7,167.2,-1.5,"Malo Channel, Espiritu Santo Island, Vanuatu","1.0.10",1,"subannual","negative","sea@surface",953,1928.54,1992.46,63.9200000000001,0.0600000000001728,63.9200000000001,FALSE,TRUE,TRUE,TRUE,TRUE,TRUE,TRUE,0,TRUE,FALSE,TRUE,TRUE,TRUE,"","criteria",TRUE,NA
"Ocean2kHR_177","lcCanr8ocCJEjWbRmuXx","paleo1measurement1","d18O","permil","d18O",NA,FALSE,"Ocn-Maiana.Urban.2000","Coral",1,173,-6,"Maiana","1.0.6",1,"subannual","negative","sea@surface",928,1840,1994.5,154.5,0.170000000000073,154.5,FALSE,TRUE,TRUE,TRUE,TRUE,TRUE,TRUE,0,TRUE,FALSE,TRUE,TRUE,TRUE,"","criteria",TRUE,NA
"Ocean2kHR_178","Cq9oZInXbgN1c9ZQ1kUG","paleo1measurement1","d18O","permil","d18O",NA,FALSE,"Ocn-Tarawa.Cole.1990","Coral",1,172,-3,"Tarawa","1.0.6",1,"subannual","negative","sea@surface",1153,1894,1990,96,0.0830000000000837,96,FALSE,TRUE,TRUE,TRUE,TRUE,TRUE,TRUE,0,TRUE,FALSE,TRUE,TRUE,TRUE,"","criteria",TRUE,NA
"Ocean2kHR_179","mnmibBsW0WoYZ7gLBUp5","paleo1measurement1","d18O","permil","d18O",NA,FALSE,"Ocn-Nauru.Guilderson.1999","Coral",-0.533,166.9283,-14,"Nauru","1.0.7",1,"subannual","negative","sea@surface",806,1897.54,1995.25,97.71,0.099999999999909,97.71,FALSE,TRUE,TRUE,TRUE,TRUE,TRUE,TRUE,0,TRUE,FALSE,TRUE,TRUE,TRUE,"","criteria",TRUE,NA
"Ocean2kHR_181","NYebcVMhhNfVjbl3gEzC","paleo1measurement1","d18O","permil","d18O",NA,FALSE,"Ocn-PalauRockIslands.Osborne.2014","Coral",7.2708,134.3837,-12,"Palau","1.0.7",1,"subannual","negative","sea@surface",1309,1899.17,2008.17,109,0.0799999999999272,109,FALSE,TRUE,TRUE,TRUE,TRUE,TRUE,TRUE,0,TRUE,FALSE,TRUE,TRUE,TRUE,"","criteria",TRUE,NA
"Ocean2kHR_183","EpsQ5r4bAx9gyOdKmvLr","paleo1measurement1","d18O","permil","d18O",NA,FALSE,"Ocn-PalauUlongChannel.Osborne.2014","Coral",7.2859,134.2503,-12,"Palau","1.0.7",1,"subannual","negative","sea@surface",2581,1793.17,2008.17,215,0.0799999999999272,215,FALSE,TRUE,TRUE,TRUE,TRUE,TRUE,TRUE,0,TRUE,FALSE,TRUE,TRUE,TRUE,"","criteria",TRUE,NA
"Ocean2kHR_185","7W9hadnVAMyEePFje9HL","paleo1measurement1","Sr/Ca","mmol/mol","Sr/Ca",NA,FALSE,"Ocn-Clipperton2b.Wu.2014","Coral",10.2773,-109.2131,-13,"Clipperton","1.0.7",1,"subannual","negative","sea@surface",710,1934.8750017,1993.95833267,59.0833309699999,0.0833333299999595,59.0833309699999,FALSE,TRUE,TRUE,TRUE,TRUE,TRUE,TRUE,0,TRUE,FALSE,TRUE,TRUE,TRUE,"","criteria",TRUE,NA
"Ocean2kHR_186","JUQQPRCkD7a8lxHLUTFZ","paleo1measurement1","Sr/Ca","mmol/mol","Sr/Ca",NA,FALSE,"Ocn-Clipperton6a.Wu.2014","Coral",10.2773,-109.2131,-13,"Clipperton","1.0.7",1,"subannual","negative","sea@surface",625,1941.95833475,1993.95833267,51.9999979199999,0.0833333299999595,51.9999979199999,FALSE,TRUE,TRUE,TRUE,TRUE,TRUE,TRUE,0,TRUE,FALSE,TRUE,TRUE,TRUE,"","criteria",TRUE,NA
"Ocean2kHR_187","ICXAbc8BMVyg8XYHLTQz","paleo1measurement1","Sr/Ca","mmol/mol","Sr/Ca",NA,FALSE,"Ocn-Clipperton4b.Wu.2014","Coral",10.2773,-109.2131,-13,"Clipperton","1.0.7",1,"subannual","negative","sea@surface",1200,1894.04167,1993.95833267,99.9166626699998,0.0833333299999595,99.9166626699998,FALSE,TRUE,TRUE,TRUE,TRUE,TRUE,TRUE,0,TRUE,FALSE,TRUE,TRUE,TRUE,"","criteria",TRUE,NA
"Ocean2kHR_188","LmlQIGdCjwklOyMEgm52","paleo1measurement1","d18O","permil","d18O",NA,FALSE,"Ocn-Clipperton1b.Wu.2014","Coral",10.2773,-109.2131,-13,"Clipperton","1.0.7",1,"subannual","negative","sea@surface",993,1874.083333,1956.79166749,82.70833449,0.0833333299999595,82.70833449,FALSE,TRUE,TRUE,TRUE,TRUE,TRUE,TRUE,0,TRUE,FALSE,TRUE,TRUE,TRUE,"","criteria",TRUE,NA
"Ocean2kHR_189","LmlQIGdCjwklOyMEgm52","paleo1measurement1","Sr/Ca","mmol/mol","Sr/Ca",NA,FALSE,"Ocn-Clipperton1b.Wu.2014","Coral",10.2773,-109.2131,-13,"Clipperton","1.0.7",1,"subannual","negative","sea@surface",993,1874.083333,1956.79166749,82.70833449,0.0833333299999595,82.70833449,FALSE,TRUE,TRUE,TRUE,TRUE,TRUE,TRUE,0,TRUE,FALSE,TRUE,TRUE,TRUE,"","criteria",TRUE,NA
"Ocean2kHR_190","b5AwaU3ejQu1AMv1GrZO","paleo1measurement1","d18O","permil","d18O",NA,FALSE,"Ocn-GBR.Wei.2009","Coral",-16.7167,146.0333,0,"GBR","1.0.7",1,"Annual","negative","sea@surface",92,1807,2004,197,1,197,FALSE,TRUE,TRUE,TRUE,TRUE,TRUE,TRUE,0,TRUE,FALSE,TRUE,TRUE,TRUE,"","criteria",TRUE,NA
"PYT581AWKCZ","jwahCsrGulSK8mdZUmXJ","paleo1measurement1","temperature","degC","ring width","dendrophysical",FALSE,"Tornetrask.Grudd.2002","Wood",68,20,400,"Tornetrask","1.0.9",1,"Jun-Aug","positive","air@surface",1997,1,1997,1996,1,1996,FALSE,TRUE,TRUE,TRUE,TRUE,TRUE,TRUE,0,TRUE,FALSE,TRUE,TRUE,TRUE,"","criteria",TRUE,NA
"PYTNG9UXJDL","QOJY58DGx6HCmj9yXdGz","paleo1measurement1","temperature","degC","ring width","dendrophysical",FALSE,"Lapland.Helama.2009","Wood",69,25,335,"Lapland","1.0.9",1,"Jul","positive","air@surface",2005,1,2005,2004,1,2004,FALSE,TRUE,TRUE,TRUE,TRUE,TRUE,TRUE,0,TRUE,FALSE,TRUE,TRUE,TRUE,"","criteria",TRUE,NA
"SAm_010","rqISE701EzXI98lYk9Rz","paleo1measurement1","trsgi","unitless","ring width","dendrophysical",FALSE,"SAm-CentralAndes15.Neukom.2014","Wood",-41.17,-71.92,1300,"Central Andes composite 15","1.0.8",1,"May-Apr","positive","air@surface",410,1582,1991,409,1,409,FALSE,TRUE,TRUE,TRUE,TRUE,TRUE,TRUE,0,TRUE,FALSE,TRUE,TRUE,TRUE,"","criteria",TRUE,NA
"SAm_020","1sBlNAj9v6nNsbFdGSkT","paleo1measurement1","trsgi","unitless","ring width","dendrophysical",FALSE,"SAm-CentralAndes9.Mundo.2014","Wood",-39.33,-71.25,1100,"Central Andes composite 9","1.0.8",1,"May-Apr","positive","air@surface",371,1636,2006,370,1,370,FALSE,TRUE,TRUE,TRUE,TRUE,TRUE,TRUE,0,TRUE,FALSE,TRUE,TRUE,TRUE,"","criteria",TRUE,NA
"SAm_0243","t54vU2X7p9qBScBKbtrL","paleo1measurement1","temperature","degC","reflectance","reflectance",FALSE,"SAm-LagunaAculeo.vonGunten.2009","LakeSediment",-33.85,-70.92,355,"Laguna Aculeo","1.0.9",1,"Dec-Feb","positive","air@surface",1142,856,1997,1141,1,1141,FALSE,TRUE,TRUE,TRUE,TRUE,TRUE,FALSE,0,TRUE,TRUE,TRUE,TRUE,TRUE,"","criteria",TRUE,NA
"SAm_025","q2gxQ5kftAQDr0RYixYU","paleo1measurement1","temperature","degC","reflectance","reflectance",FALSE,"SAm-LagunaChepical.deJong.2013","LakeSediment",-32.2667,-70.5,3050,"Laguna Chepical","1.0.8",1,"Nov-Feb","positive","air@surface",2005,1,2005,2004,1,2004,FALSE,TRUE,TRUE,TRUE,TRUE,TRUE,FALSE,0,TRUE,TRUE,TRUE,TRUE,TRUE,"","criteria",TRUE,NA
"SAm_035","p7qxIREZcVdhohXTmzHT","paleo1measurement1","d18O","permil","d18O",NA,FALSE,"SAm-QuelccayaIceCap.Thompson.2013","GlacierIce",-13.9333,-70.8333,5670,"Quelccaya Ice Cap","1.0.7",1,"Winter","positive","air@condensationLevel",1784,226,2009,1783,1,1783,FALSE,TRUE,TRUE,TRUE,TRUE,TRUE,TRUE,0,TRUE,FALSE,TRUE,TRUE,TRUE,"","criteria",TRUE,NA
"TR15NACA00","m2dbmDEuhl0FtJbzcmHT","paleo1measurement1","d18O","permil",NA,NA,FALSE,"TR15NACA","Wood",54.56,-71.2,500,"QuebecLabrador","1.0.15",1,"Jun-Aug","positive","Maximum air temperature, seasonal",1004,997,2000,1003,1,1003,FALSE,TRUE,TRUE,TRUE,TRUE,TRUE,TRUE,0,TRUE,FALSE,TRUE,TRUE,TRUE,"","criteria",TRUE,NA
"WEBb46a7c19","hmsQRl9csS2k0W1sYFHk","paleo1measurement1","temperature","degC","alkenone","alkenone",FALSE,"Gol-Ho1B-KSGC-31.Sicre.2016","MarineSediment",43,3.28,-60,"Gol-Ho1B and KSGC-31","1.0.12",1,NA,"positive",NA,216,9.8,2012.2,2002.4,10.7,2002.4,FALSE,TRUE,TRUE,FALSE,TRUE,TRUE,FALSE,29,TRUE,FALSE,TRUE,TRUE,TRUE,"","criteria",TRUE,NA
