dataSetName,n_stubs
Abbott.Hiner.2016,3
BearRiver.DeRose.2015,2
BeefBasin.Meko.2007,2
BlancoWest.Bale.2011,2
BrahmaputraRiver.Mukund.2020,2
BritishColumbia.Brice.2021,2
CentralGermany.Büntgen.2010,2
CentralMongolia.Hessl.2018,1
CurtainFigTree.Heinrich.2008,3
Durango.Cleaveland.2003,2
EW0408_26JC-TC,2
Eagle.Meko.2007,2
EastAnglia.Cooper.2013,2
EasternMediterranean.Touchan.2005,1
EklutnaLake.Allen.2026,38
EklutnaLake.Fortin.2019,2
ElMalpais.Stahle.2009,3
Elk.Dean.2002,2
Emerald.Anderson.2022,4
FishLake.Carter.2021,2
GreatSaltLake.DeRose.2014,2
GreenMtnRes.Meko.2007,2
HERCUFCentralFrance.Hureau.2026,2
HarmonCanyon.Meko.2007,2
HarricanaRiver.Nolin.2021,2
HasiMountains.Qin.2025,2
HeartLake.Bailey.2018,3
HeartLake.Krawiec.2014,3
Hengduan.Fang.2010,2
HexiCorridor.Yang.2019,2
Horseshoe.Pompeani.2021,4
Huashan.Hughes.1994,1
Jingyuan.Yang.2023,2
JunaDownsGully.ODonnell.2015,3
KellyLake.Wrobleski.2023,5
KherlenRiver.Davi.2013,2
LS15DOCH,8
LakeDeborahEast.ODonnell.2021,3
LakeDuparquet.Nolin.2021,2
LamingtonNationalPark.Heinrich.2009,3
LandsEnd.Meko.2007,2
LinnevatnetLake.Schiefer.2017,5
LoganRiver.Allen.2013,2
MancosRiver.Stahle.2015,3
Manitoba.George.2002,2
Martin.Bird.2017,7
NETibet.Liu.2025,2
NavajoCanyon.Meko.2007,2
Normans.Finkenbinder.2022,3
NorthAustralia.Allen.2020,1
NortheasternMongolia.Pederson.2001,3
NortheasternTibetanPlateau.Yang.2014,2
PumpHouse.Meko.2007,2
Round.Mark.2023,4
SevenMile.Anderson.2011,7
Shark.Wagner.2025,4
Shijiazhuang.Ge.2005,1
Sivas.DArrigo.2001,1
Slickrock.Meko.2007,2
Songmingyan.Fang.2014,2
SouthAfrican.Woodborne.2016,8
SouthernCentralEngland.Wilson.2013,2
SouthernFinland.Helama.2009,2
Squanga.Lasher.2021,5
Switzerland.Kress.2014,2
TMTandespdsi.Christie.2011,2
Taiwan.Sun.2021,2
Thailand.Xu.2019,2
TrailGulch.Meko.2007,2
Twelvemile.Anderson.2018,4
W8709A_8TC-PC,1
WeberRiver.Bekker.2014,2
WellsDraw.Meko.2007,2
WestCentralMongolia.Davi.2006,2
WildRose.Meko.2007,2
Xiaolong.Fang.2012,1
YeruuRiver.Pederson.2013,2
