"base","dataSetName_holder","variableName_holder","dataSetName_dup","variableName_dup","in_baseline"
"LPD5c89a1b5","HAP0212.vanderBilt.2016","temperature","Ocn-JacafFjord.Sepulveda.2009","temperature","temp12k_1_0_0"
"LPD6e0eacd1","LagoDellAccesa.Finsinger.2010","temperature","Ocn-FeniDrift.Richter.2009","notes","temp12k_1_0_0"
"LPD7abab671","Ant-DSS.DahlJensen.1999","temperature","LawDome.Dahl-Jensen.1999","temperature","pages2k_2_0_0+temp12k_1_0_0+presto2k_2025"
"LPD9cc3baf6","Turkana.Berke.2012","temperature","Ocn-GulfofGuinea.Weldeab.2007","temperature","pages2k_2_0_0+temp12k_1_0_0"
"LPDb17a5e9e","GreatBasin.Salzer.2014","uncertaintyLow","Ocn-RAPiD-12-1K.Thornalley.2009","temperature","pages2k_2_0_0"
"LPDe1fb72db","IC10VIGI","year","Ocn-ClerkeReefRowleyShoals.Cooper.2012","composite","pages2k_2_0_0"
"LPDe6c52b99","TTR17_434G.Rodrigo-Gamiz.2014","temperature","Ocn-GreatBahamaBank.Lund.2006","temperature","temp12k_1_0_0"
"GHdfb571ed","BotuveraCave","d13C","BotuveraCave","d13C",""
"LPD0558014c","Turkana.Berke.2012","BIT","Ocn-GulfofGuinea.Weldeab.2007","Mg/Ca",""
"LPD35442a44","HAP0212.vanderBilt.2016","temperature","Ocn-JacafFjord.Sepulveda.2009","Uk37",""
"LPD44c75538","TTR17_434G.Rodrigo-Gamiz.2014","Uk37","Ocn-GreatBahamaBank.Lund.2006","Mg/Ca",""
"LPD6493a31e","SwanLake.Schmieder.2011","zscore","SwanLake.Schmieder.2011","zscore",""
"LPD74bc6584","LittlePondRoyalston.Marsicek.2013","temperature","Ocn-ClerkeReefRowleyShoals.Cooper.2012","calcificationRate",""
"LPD797006f7","LS02HATI","year","LS02ROSA","year",""
"LPD7d7c7d71","TTR17_434G.Rodrigo-Gamiz.2014","sampleID","Ocn-GreatBahamaBank.Lund.2006","Mg/Ca",""
"LPD7dc5b9ba","ClelandLake.Steinman.2016","d18O","ClelandLake.Steinman.2016","d18O",""
"LPD7dc5b9ba-dup","ClelandLake.Steinman.2016","d18O","LS16STCL","d18O",""
"LPD87c74b66","ClelandLake.Steinman.2016","d13C","ClelandLake.Steinman.2016","d13C",""
"LPD87c74b66-dup","ClelandLake.Steinman.2016","d13C","LS16STCL","d13C",""
"LPDba471ae7","LagoDellAccesa.Finsinger.2010","precipitation","Ocn-FeniDrift.Richter.2009","Mg/Ca",""
"LPDdb799efb","MD01-2446.Salguero.2014","Npachderma","Ocn-WesternAntarcticPeninsula.Shevenell.2011","TEX86",""
"LPDe54dc6d7","LS02HATI","depth","LS02ROSA","depth",""
"LS02ROSA","LS02HATI","thickness","LS02ROSA","d18O",""
"MAT32498f268a","AKIII.Terwilliger.2013","depth","SL13TEAK","depth",""
"MATa3745f3c77","AKIII.Terwilliger.2013","age","SL13TEAK","year",""
"R47VSfGJqe3","ClelandLake.Steinman.2016","year","LS16STCL","year",""
"RhyieRTPX1Y","ClelandLake.Steinman.2016","depth","LS16STCL","depth",""
"RmdbUcDcOJ1","ClelandLake.Steinman.2016","age","LS16STCL","age",""
"S2LR4FdAmPfKTT","Sanbaocave.Dong.2010","sampleID","Tianmen.Cai.2010","sampleID",""
"S2LR4HwxrOmEei","Sanbaocave.Dong.2010","uncertaintyHigh","Tianmen.Cai.2010","uncertaintyHigh",""
"S2LR54yCwxkW9k","Sanbaocave.Dong.2010","uncertaintyLow","Tianmen.Cai.2010","uncertaintyLow",""
"S2LR6YZLFri6td","Sanbaocave.Dong.2010","correction","Tianmen.Cai.2010","correction",""
"S2LR7BHGTrgog2","Sanbaocave.Dong.2010","age","Tianmen.Cai.2010","age",""
"S2LRa9ML5fvEUm","Sanbaocave.Dong.2010","hasHiatus","Tianmen.Cai.2010","hasHiatus",""
"S2LRAnYnBvLNNT","Sanbaocave.Dong.2010","age","Tianmen.Cai.2010","age",""
"S2LRc4jpGejVvk","Sanbaocave.Dong.2010","uncertaintyLow","Tianmen.Cai.2010","uncertaintyLow",""
"S2LRd0hAPk97Gb","Sanbaocave.Dong.2010","notes","Tianmen.Cai.2010","notes",""
"S2LRe8mvZz5Cs4","Sanbaocave.Dong.2010","mineralogy","Tianmen.Cai.2010","mineralogy",""
"S2LRe9RwUG9BwI","Sanbaocave.Dong.2010","uncertaintyHigh","Tianmen.Cai.2010","uncertaintyHigh",""
"S2LRFNelyJGJiQ","Sanbaocave.Dong.2010","uncertaintyHigh","Tianmen.Cai.2010","uncertaintyHigh",""
"S2LRHRWCprX6Iq","Sanbaocave.Dong.2010","uncertaintyLow","Tianmen.Cai.2010","uncertaintyLow",""
"S2LRL1Ik6re37s","Sanbaocave.Dong.2010","uncertaintyLow","Tianmen.Cai.2010","uncertaintyLow",""
"S2LRm7z3mWOJp3","Sanbaocave.Dong.2010","age","Tianmen.Cai.2010","age",""
"S2LRmyYCpAk2mw","Sanbaocave.Dong.2010","uncertaintyHigh","Tianmen.Cai.2010","uncertaintyHigh",""
"S2LRNSwZphFuvO","Sanbaocave.Dong.2010","uncertaintyLow","Tianmen.Cai.2010","uncertaintyLow",""
"S2LRNwHPQu1htS","Sanbaocave.Dong.2010","uncertaintyHigh","Tianmen.Cai.2010","uncertaintyHigh",""
"S2LRRKOwrBHV8S","Sanbaocave.Dong.2010","age","Tianmen.Cai.2010","age",""
"S2LRroj1l3F6aU","Sanbaocave.Dong.2010","uncertaintyLow","Tianmen.Cai.2010","uncertaintyLow",""
"S2LRuQJWMcbHBk","Sanbaocave.Dong.2010","uncertainty","Tianmen.Cai.2010","uncertainty",""
"S2LRvC5v1UUeoZ","Sanbaocave.Dong.2010","uncertainty","Tianmen.Cai.2010","uncertainty",""
"S2LRvmcMc9Rkdw","Sanbaocave.Dong.2010","d18O","Tianmen.Cai.2010","d18O",""
"S2LRVPCfddFHmB","Sanbaocave.Dong.2010","age","Tianmen.Cai.2010","age",""
"S2LRw9qSGuriUG","Sanbaocave.Dong.2010","age","Tianmen.Cai.2010","age",""
"S2LRYoqGQsPdi7","Sanbaocave.Dong.2010","depth","Tianmen.Cai.2010","depth",""
"S2LRyzYgr2NUzM","Sanbaocave.Dong.2010","uncertaintyHigh","Tianmen.Cai.2010","uncertaintyHigh",""
"S2LRz0HEhUTV4S","Sanbaocave.Dong.2010","age","Tianmen.Cai.2010","age",""
"SL13TEAK01A","AKIII.Terwilliger.2013","d2H","SL13TEAK","d2H",""
"SL13TEAK01B","AKIII.Terwilliger.2013","d2H","SL13TEAK","d2H",""
"SL13TEAK01C2","AKIII.Terwilliger.2013","d2H","SL13TEAK","d2H",""
"WEB-1d137-4fd5-44d4-ad83-7f5b2","ELT27.023-PC.Ferry.2015","F_curta_plus_F_cylindrus","ODP_leg177_1093.Schneider-Mor.2012","F_curta_plus_F_cylindrus",""
"WEB-1d137-4fd5-44d4-ad83-7f5b2-dup","ODP_leg177_1093.Schneider-Mor.2012","F_curta_plus_F_cylindrus","ODP_leg177_1094.Schneider-Mor.2012","F_curta_plus_F_cylindrus",""
"WEB-1d137-4fd5-44d4-ad83-7f5b2-dup-dup","ODP_leg177_1094.Schneider-Mor.2012","F_curta_plus_F_cylindrus","PS1652-2.Xiao.2016","F_curta_plus_F_cylindrus",""
"WEB-1d137-4fd5-44d4-ad83-7f5b2-dup-dup-dup","PS1652-2.Xiao.2016","F_curta_plus_F_cylindrus","PS1768-8.Esper.2014","F_curta_plus_F_cylindrus",""
"WEB-1d137-4fd5-44d4-ad83-7f5b2-dup-dup-dup-dup","PS1768-8.Esper.2014","F_curta_plus_F_cylindrus","PS1778-5.Gersonde.2000","F_curta_plus_F_cylindrus",""
"WEB-1d137-4fd5-44d4-ad83-7f5b2-dup-dup-dup-dup-dup","PS1778-5.Gersonde.2000","F_curta_plus_F_cylindrus","PS2102-2.Xiao.2016","F_curta_plus_F_cylindrus",""
"WEB-1d137-4fd5-44d4-ad83-7f5b2-dup-dup-dup-dup-dup-dup","PS2102-2.Xiao.2016","F_curta_plus_F_cylindrus","PS2276-4.Gersonde.2000","F_curta_plus_F_cylindrus",""
"WEB-1d137-4fd5-44d4-ad83-7f5b2-dup-dup-dup-dup-dup-dup-dup","PS2276-4.Gersonde.2000","F_curta_plus_F_cylindrus","PS2499-5.Gersonde.2000","F_curta_plus_F_cylindrus",""
"WEB-1d137-4fd5-44d4-ad83-7f5b2-dup-dup-dup-dup-dup-dup-dup-dup","PS2499-5.Gersonde.2000","F_curta_plus_F_cylindrus","PS2606-6.Xiao.2016","F_curta_plus_F_cylindrus",""
"WEB-1d137-4fd5-44d4-ad83-7f5b2-dup-dup-dup-dup-dup-dup-dup-dup-dup","PS2606-6.Xiao.2016","F_curta_plus_F_cylindrus","PS58_271-1.Esper.2014","F_curta_plus_F_cylindrus",""
"WEB-1d137-4fd5-44d4-ad83-7f5b2-dup-dup-dup-dup-dup-dup-dup-dup-dup-dup","PS58_271-1.Esper.2014","F_curta_plus_F_cylindrus","PS67_197-1.Xiao.2016","F_curta_plus_F_cylindrus",""
"WEB-1d137-4fd5-44d4-ad83-7f5b2-dup-dup-dup-dup-dup-dup-dup-dup-dup-dup-dup","PS67_197-1.Xiao.2016","F_curta_plus_F_cylindrus","PS67_219-1.Xiao.2016","F_curta_plus_F_cylindrus",""
"WEB-1d137-4fd5-44d4-ad83-7f5b2-dup-dup-dup-dup-dup-dup-dup-dup-dup-dup-dup-dup","PS67_219-1.Xiao.2016","F_curta_plus_F_cylindrus","PS75_072-4.Studer.2015","F_curta_plus_F_cylindrus",""
"WEB-1d137-4fd5-44d4-ad83-7f5b2-dup-dup-dup-dup-dup-dup-dup-dup-dup-dup-dup-dup-dup","PS75_072-4.Studer.2015","F_curta_plus_F_cylindrus","SK200_22a.Nair.2019","F_curta_plus_F_cylindrus",""
"WEB-1d137-4fd5-44d4-ad83-7f5b2-dup-dup-dup-dup-dup-dup-dup-dup-dup-dup-dup-dup-dup-dup","SK200_22a.Nair.2019","F_curta_plus_F_cylindrus","SK200_27.Nair.2019","F_curta_plus_F_cylindrus",""
"WEB-1d137-4fd5-44d4-ad83-7f5b2-dup-dup-dup-dup-dup-dup-dup-dup-dup-dup-dup-dup-dup-dup-dup","SK200_27.Nair.2019","F_curta_plus_F_cylindrus","SK200_33.Ghadi.2020","F_curta_plus_F_cylindrus",""
"WEB-1d137-4fd5-44d4-ad83-7f5b2-dup-dup-dup-dup-dup-dup-dup-dup-dup-dup-dup-dup-dup-dup-dup-dup","SK200_33.Ghadi.2020","F_curta_plus_F_cylindrus","SO136_111GC-12.Crosta.2004","F_curta_plus_F_cylindrus",""
"WEB-1d137-4fd5-44d4-ad83-7f5b2-dup-dup-dup-dup-dup-dup-dup-dup-dup-dup-dup-dup-dup-dup-dup-dup-dup","SO136_111GC-12.Crosta.2004","F_curta_plus_F_cylindrus","TAN1302-96.Jones.2022","F_curta_plus_F_cylindrus",""
"WEB-1d137-4fd5-44d4-ad83-7f5b2-dup-dup-dup-dup-dup-dup-dup-dup-dup-dup-dup-dup-dup-dup-dup-dup-dup-dup","TAN1302-96.Jones.2022","F_curta_plus_F_cylindrus","TN057-13-PC4.Stuut.2004","F_curta_plus_F_cylindrus",""
"WEB-1d137-4fd5-44d4-ad83-7f5b2-dup-dup-dup-dup-dup-dup-dup-dup-dup-dup-dup-dup-dup-dup-dup-dup-dup-dup-dup","TN057-13-PC4.Stuut.2004","F_curta_plus_F_cylindrus","TPC034.Allen.2011","F_curta_plus_F_cylindrus",""
"WEB-1d137-4fd5-44d4-ad83-7f5b2-dup-dup-dup-dup-dup-dup-dup-dup-dup-dup-dup-dup-dup-dup-dup-dup-dup-dup-dup-dup","TPC034.Allen.2011","F_curta_plus_F_cylindrus","TPC063.Collins.2012","F_curta_plus_F_cylindrus",""
"WEB-1d137-4fd5-44d4-ad83-7f5b2-dup-dup-dup-dup-dup-dup-dup-dup-dup-dup-dup-dup-dup-dup-dup-dup-dup-dup-dup-dup-dup","TPC063.Collins.2012","F_curta_plus_F_cylindrus","TPC078.Collins.2012","F_curta_plus_F_cylindrus",""
"WEB-1d137-4fd5-44d4-ad83-7f5b2-dup-dup-dup-dup-dup-dup-dup-dup-dup-dup-dup-dup-dup-dup-dup-dup-dup-dup-dup-dup-dup-dup","TPC078.Collins.2012","F_curta_plus_F_cylindrus","TPC286.Collins.2012","F_curta_plus_F_cylindrus",""
"WEB-874a6-0dfd-49d9-99cd-97f98","PS67_197-1.Xiao.2016","seaIce","PS67_219-1.Xiao.2016","seaIce",""
"WEB-98533-f9b3-4e5d-afde-4b989","SO136_111GC-12.Crosta.2004","seaIce","TAN1302-96.Jones.2022","seaIce",""
"WEB-98533-f9b3-4e5d-afde-4b989-dup","TAN1302-96.Jones.2022","seaIce","TN057-13-PC4.Stuut.2004","seaIce",""
"WEB-9a3fd-5a29-4629-892a-15e05","ELT27.023-PC.Ferry.2015","seaIce","ODP_leg177_1093.Schneider-Mor.2012","seaIce",""
"WEB-9a3fd-5a29-4629-892a-15e05-dup","ODP_leg177_1093.Schneider-Mor.2012","seaIce","ODP_leg177_1094.Schneider-Mor.2012","seaIce",""
"WEB-9a3fd-5a29-4629-892a-15e05-dup-dup","ODP_leg177_1094.Schneider-Mor.2012","seaIce","PS1652-2.Xiao.2016","seaIce",""
"WEB-9a3fd-5a29-4629-892a-15e05-dup-dup-dup","PS1652-2.Xiao.2016","seaIce","PS1768-8.Esper.2014","seaIce",""
"WEB-9a3fd-5a29-4629-892a-15e05-dup-dup-dup-dup","PS1768-8.Esper.2014","seaIce","PS2102-2.Xiao.2016","seaIce",""
"WEB-9a3fd-5a29-4629-892a-15e05-dup-dup-dup-dup-dup","PS2102-2.Xiao.2016","seaIce","PS2606-6.Xiao.2016","seaIce",""
"WEB-9a3fd-5a29-4629-892a-15e05-dup-dup-dup-dup-dup-dup","PS2606-6.Xiao.2016","seaIce","PS58_271-1.Esper.2014","seaIce",""
"WEB-b94ae-9070-4fbf-bc6e-02194","SK200_22a.Nair.2019","seaIce","SK200_27.Nair.2019","seaIce",""
"WEB-b94ae-9070-4fbf-bc6e-02194-dup","SK200_27.Nair.2019","seaIce","SK200_33.Ghadi.2020","seaIce",""
"WEB-d0ef0-fc5c-4760-91ae-9d27d","ELT27.023-PC.Ferry.2015","age","ODP_leg177_1093.Schneider-Mor.2012","age",""
"WEB-d0ef0-fc5c-4760-91ae-9d27d-dup","ODP_leg177_1093.Schneider-Mor.2012","age","ODP_leg177_1094.Schneider-Mor.2012","age",""
"WEB-d0ef0-fc5c-4760-91ae-9d27d-dup-dup","ODP_leg177_1094.Schneider-Mor.2012","age","PS1652-2.Xiao.2016","age",""
"WEB-d0ef0-fc5c-4760-91ae-9d27d-dup-dup-dup","PS1652-2.Xiao.2016","age","PS1768-8.Esper.2014","age",""
"WEB-d0ef0-fc5c-4760-91ae-9d27d-dup-dup-dup-dup","PS1768-8.Esper.2014","age","PS1778-5.Gersonde.2000","age",""
"WEB-d0ef0-fc5c-4760-91ae-9d27d-dup-dup-dup-dup-dup","PS1778-5.Gersonde.2000","age","PS2102-2.Xiao.2016","age",""
"WEB-d0ef0-fc5c-4760-91ae-9d27d-dup-dup-dup-dup-dup-dup","PS2102-2.Xiao.2016","age","PS2276-4.Gersonde.2000","age",""
"WEB-d0ef0-fc5c-4760-91ae-9d27d-dup-dup-dup-dup-dup-dup-dup","PS2276-4.Gersonde.2000","age","PS2499-5.Gersonde.2000","age",""
"WEB-d0ef0-fc5c-4760-91ae-9d27d-dup-dup-dup-dup-dup-dup-dup-dup","PS2499-5.Gersonde.2000","age","PS2606-6.Xiao.2016","age",""
"WEB-d0ef0-fc5c-4760-91ae-9d27d-dup-dup-dup-dup-dup-dup-dup-dup-dup","PS2606-6.Xiao.2016","age","PS58_271-1.Esper.2014","age",""
"WEB-d0ef0-fc5c-4760-91ae-9d27d-dup-dup-dup-dup-dup-dup-dup-dup-dup-dup","PS58_271-1.Esper.2014","age","PS67_197-1.Xiao.2016","age",""
"WEB-d0ef0-fc5c-4760-91ae-9d27d-dup-dup-dup-dup-dup-dup-dup-dup-dup-dup-dup","PS67_197-1.Xiao.2016","age","PS67_219-1.Xiao.2016","age",""
"WEB-d0ef0-fc5c-4760-91ae-9d27d-dup-dup-dup-dup-dup-dup-dup-dup-dup-dup-dup-dup","PS67_219-1.Xiao.2016","age","PS75_072-4.Studer.2015","age",""
"WEB-d0ef0-fc5c-4760-91ae-9d27d-dup-dup-dup-dup-dup-dup-dup-dup-dup-dup-dup-dup-dup","PS75_072-4.Studer.2015","age","SK200_22a.Nair.2019","age",""
"WEB-d0ef0-fc5c-4760-91ae-9d27d-dup-dup-dup-dup-dup-dup-dup-dup-dup-dup-dup-dup-dup-dup","SK200_22a.Nair.2019","age","SK200_27.Nair.2019","age",""
"WEB-d0ef0-fc5c-4760-91ae-9d27d-dup-dup-dup-dup-dup-dup-dup-dup-dup-dup-dup-dup-dup-dup-dup","SK200_27.Nair.2019","age","SK200_33.Ghadi.2020","age",""
"WEB-d0ef0-fc5c-4760-91ae-9d27d-dup-dup-dup-dup-dup-dup-dup-dup-dup-dup-dup-dup-dup-dup-dup-dup","SK200_33.Ghadi.2020","age","SO136_111GC-12.Crosta.2004","age",""
"WEB-d0ef0-fc5c-4760-91ae-9d27d-dup-dup-dup-dup-dup-dup-dup-dup-dup-dup-dup-dup-dup-dup-dup-dup-dup","SO136_111GC-12.Crosta.2004","age","TAN1302-96.Jones.2022","age",""
"WEB-d0ef0-fc5c-4760-91ae-9d27d-dup-dup-dup-dup-dup-dup-dup-dup-dup-dup-dup-dup-dup-dup-dup-dup-dup-dup","TAN1302-96.Jones.2022","age","TN057-13-PC4.Stuut.2004","age",""
"WEB-d0ef0-fc5c-4760-91ae-9d27d-dup-dup-dup-dup-dup-dup-dup-dup-dup-dup-dup-dup-dup-dup-dup-dup-dup-dup-dup","TN057-13-PC4.Stuut.2004","age","TPC034.Allen.2011","age",""
"WEB-d0ef0-fc5c-4760-91ae-9d27d-dup-dup-dup-dup-dup-dup-dup-dup-dup-dup-dup-dup-dup-dup-dup-dup-dup-dup-dup-dup","TPC034.Allen.2011","age","TPC063.Collins.2012","age",""
"WEB-d0ef0-fc5c-4760-91ae-9d27d-dup-dup-dup-dup-dup-dup-dup-dup-dup-dup-dup-dup-dup-dup-dup-dup-dup-dup-dup-dup-dup","TPC063.Collins.2012","age","TPC078.Collins.2012","age",""
"WEB-d0ef0-fc5c-4760-91ae-9d27d-dup-dup-dup-dup-dup-dup-dup-dup-dup-dup-dup-dup-dup-dup-dup-dup-dup-dup-dup-dup-dup-dup","TPC078.Collins.2012","age","TPC286.Collins.2012","age",""
"WEB-f9120-e5bc-4a67-8bd4-9c252","ELT27.023-PC.Ferry.2015","depth","ODP_leg177_1093.Schneider-Mor.2012","depth",""
"WEB-f9120-e5bc-4a67-8bd4-9c252-dup","ODP_leg177_1093.Schneider-Mor.2012","depth","ODP_leg177_1094.Schneider-Mor.2012","depth",""
"WEB-f9120-e5bc-4a67-8bd4-9c252-dup-dup","ODP_leg177_1094.Schneider-Mor.2012","depth","PS1652-2.Xiao.2016","depth",""
"WEB-f9120-e5bc-4a67-8bd4-9c252-dup-dup-dup","PS1652-2.Xiao.2016","depth","PS1768-8.Esper.2014","depth",""
"WEB-f9120-e5bc-4a67-8bd4-9c252-dup-dup-dup-dup","PS1768-8.Esper.2014","depth","PS1778-5.Gersonde.2000","depth",""
"WEB-f9120-e5bc-4a67-8bd4-9c252-dup-dup-dup-dup-dup","PS1778-5.Gersonde.2000","depth","PS2102-2.Xiao.2016","depth",""
"WEB-f9120-e5bc-4a67-8bd4-9c252-dup-dup-dup-dup-dup-dup","PS2102-2.Xiao.2016","depth","PS2276-4.Gersonde.2000","depth",""
"WEB-f9120-e5bc-4a67-8bd4-9c252-dup-dup-dup-dup-dup-dup-dup","PS2276-4.Gersonde.2000","depth","PS2499-5.Gersonde.2000","depth",""
"WEB-f9120-e5bc-4a67-8bd4-9c252-dup-dup-dup-dup-dup-dup-dup-dup","PS2499-5.Gersonde.2000","depth","PS2606-6.Xiao.2016","depth",""
"WEB-f9120-e5bc-4a67-8bd4-9c252-dup-dup-dup-dup-dup-dup-dup-dup-dup","PS2606-6.Xiao.2016","depth","PS58_271-1.Esper.2014","depth",""
"WEB-f9120-e5bc-4a67-8bd4-9c252-dup-dup-dup-dup-dup-dup-dup-dup-dup-dup","PS58_271-1.Esper.2014","depth","PS67_197-1.Xiao.2016","depth",""
"WEB-f9120-e5bc-4a67-8bd4-9c252-dup-dup-dup-dup-dup-dup-dup-dup-dup-dup-dup","PS67_197-1.Xiao.2016","depth","PS67_219-1.Xiao.2016","depth",""
"WEB-f9120-e5bc-4a67-8bd4-9c252-dup-dup-dup-dup-dup-dup-dup-dup-dup-dup-dup-dup","PS67_219-1.Xiao.2016","depth","PS75_072-4.Studer.2015","depth",""
"WEB-f9120-e5bc-4a67-8bd4-9c252-dup-dup-dup-dup-dup-dup-dup-dup-dup-dup-dup-dup-dup","PS75_072-4.Studer.2015","depth","SK200_22a.Nair.2019","depth",""
"WEB-f9120-e5bc-4a67-8bd4-9c252-dup-dup-dup-dup-dup-dup-dup-dup-dup-dup-dup-dup-dup-dup","SK200_22a.Nair.2019","depth","SK200_27.Nair.2019","depth",""
"WEB-f9120-e5bc-4a67-8bd4-9c252-dup-dup-dup-dup-dup-dup-dup-dup-dup-dup-dup-dup-dup-dup-dup","SK200_27.Nair.2019","depth","SK200_33.Ghadi.2020","depth",""
"WEB-f9120-e5bc-4a67-8bd4-9c252-dup-dup-dup-dup-dup-dup-dup-dup-dup-dup-dup-dup-dup-dup-dup-dup","SK200_33.Ghadi.2020","depth","SO136_111GC-12.Crosta.2004","depth",""
"WEB-f9120-e5bc-4a67-8bd4-9c252-dup-dup-dup-dup-dup-dup-dup-dup-dup-dup-dup-dup-dup-dup-dup-dup-dup","SO136_111GC-12.Crosta.2004","depth","TAN1302-96.Jones.2022","depth",""
"WEB-f9120-e5bc-4a67-8bd4-9c252-dup-dup-dup-dup-dup-dup-dup-dup-dup-dup-dup-dup-dup-dup-dup-dup-dup-dup","TAN1302-96.Jones.2022","depth","TN057-13-PC4.Stuut.2004","depth",""
"WEB-f9120-e5bc-4a67-8bd4-9c252-dup-dup-dup-dup-dup-dup-dup-dup-dup-dup-dup-dup-dup-dup-dup-dup-dup-dup-dup","TN057-13-PC4.Stuut.2004","depth","TPC034.Allen.2011","depth",""
"WEB-f9120-e5bc-4a67-8bd4-9c252-dup-dup-dup-dup-dup-dup-dup-dup-dup-dup-dup-dup-dup-dup-dup-dup-dup-dup-dup-dup","TPC034.Allen.2011","depth","TPC063.Collins.2012","depth",""
"WEB-f9120-e5bc-4a67-8bd4-9c252-dup-dup-dup-dup-dup-dup-dup-dup-dup-dup-dup-dup-dup-dup-dup-dup-dup-dup-dup-dup-dup","TPC063.Collins.2012","depth","TPC078.Collins.2012","depth",""
"WEB-f9120-e5bc-4a67-8bd4-9c252-dup-dup-dup-dup-dup-dup-dup-dup-dup-dup-dup-dup-dup-dup-dup-dup-dup-dup-dup-dup-dup-dup","TPC078.Collins.2012","depth","TPC286.Collins.2012","depth",""
"WEB00087524","LS16THN301","d2H","N3.Thomas.2016","d2H",""
"WEB018c6621","Ejulve.Moreno.2017","age","Molinos.Moreno.2017","age",""
"WEB02525b7b","Gjoavatnet.vanderBilt.2019","Uk37","Hajeren.vanderBilt.2019","Uk37",""
"WEB02525b7b-dup","Hajeren.vanderBilt.2019","Uk37","Hakluytvatnet.vanderBilt.2019","Uk37",""
"WEB047cedba","DaliLake.GoldsmithJiang.2017","uncertainty","DaliLake.Jiang.2020","uncertainty",""
"WEB08e3980f","LS16THN301","uncertainty1s","N3.Thomas.2016","uncertainty1s",""
"WEB0b3ff35d","LS16THN301","core","N3.Thomas.2016","core",""
"WEB0c4634cb","Ejulve.Moreno.2017","depth","Molinos.Moreno.2017","depth",""
"WEB194401f3","Gjoavatnet.vanderBilt.2019","sampleID","Hajeren.vanderBilt.2019","sampleID",""
"WEB194401f3-dup","Hajeren.vanderBilt.2019","sampleID","Hakluytvatnet.vanderBilt.2019","sampleID",""
"WEB1a8b6923","Ejulve.Moreno.2017","age","Molinos.Moreno.2017","age",""
"WEB2bbc35a8","LS16THN301","d2H","N3.Thomas.2016","d2H",""
"WEB2cf30fdf","DaliLake.GoldsmithJiang.2017","uncertainty","DaliLake.Jiang.2020","uncertainty",""
"WEB2d4dc36c","LS16THN301","C24n-alkanoicAcid","N3.Thomas.2016","C24n-alkanoicAcid",""
"WEB2e38f5d6","LS16THN301","C28n-alkanoicAcid","N3.Thomas.2016","C28n-alkanoicAcid",""
"WEB3a31d3ae","SL112.Kuhnt.2008","uncertainty","SL123.Kuhnt.2008","uncertainty",""
"WEB3a31d3ae-dup","SL123.Kuhnt.2008","uncertainty","SL148.Kuhnt.2008","uncertainty",""
"WEB3ccf3cbb","LS16THN301","core","N3.Thomas.2016","core",""
"WEB3e763a26","SL112.Kuhnt.2008","depth","SL123.Kuhnt.2008","depth",""
"WEB3e763a26-dup","SL123.Kuhnt.2008","depth","SL148.Kuhnt.2008","depth",""
"WEB40d3e7b3","DaliLake.GoldsmithJiang.2017","elevation","DaliLake.Jiang.2020","elevation",""
"WEB41da3a91","GC2.Lamy.2010","age","TML1.Lamy.2010","age",""
"WEB4393adc4","LS16THN301","d2H","N3.Thomas.2016","d2H",""
"WEB4b50a100","LS16THN301","depth","N3.Thomas.2016","depth",""
"WEB4cad5237","Ejulve.Moreno.2017","d13C","Molinos.Moreno.2017","d13C",""
"WEB55b0492d","LS16THN301","thickness","N3.Thomas.2016","thickness",""
"WEB602ccabf","LS16THN301","d2H","N3.Thomas.2016","d2H",""
"WEB61208225","LS16THN301","uncertainty1s","N3.Thomas.2016","uncertainty1s",""
"WEB63267967","DaliLake.GoldsmithJiang.2017","site","DaliLake.Jiang.2020","site",""
"WEB63a13e10","LS16THN301","uncertainty1s","N3.Thomas.2016","uncertainty1s",""
"WEB6613220c","SL112.Kuhnt.2008","d18O","SL123.Kuhnt.2008","d18O",""
"WEB6613220c-dup","SL123.Kuhnt.2008","d18O","SL148.Kuhnt.2008","d18O",""
"WEB69678476","LS16THN301","d2H","N3.Thomas.2016","d2H",""
"WEB6f585e67","Ejulve.Moreno.2017","depth","Molinos.Moreno.2017","depth",""
"WEB708ebec7","LS16THN301","C28n-alkanoicAcid","N3.Thomas.2016","C28n-alkanoicAcid",""
"WEB72118815","LS16THN301","uncertainty1s","N3.Thomas.2016","uncertainty1s",""
"WEB801941e2","DaliLake.GoldsmithJiang.2017","lakeArea","DaliLake.Jiang.2020","lakeArea",""
"WEB843e2ae7","GC2.Lamy.2010","hygrophytes","TML1.Lamy.2010","Misodendron",""
"WEB8c74d1e5","LS16THN301","uncertainty1s","N3.Thomas.2016","uncertainty1s",""
"WEB956729cc","LS16THN301","C26n-alkanoicAcid","N3.Thomas.2016","C26n-alkanoicAcid",""
"WEB95afeb03","Gjoavatnet.vanderBilt.2019","age","Hajeren.vanderBilt.2019","age",""
"WEB95afeb03-dup","Hajeren.vanderBilt.2019","age","Hakluytvatnet.vanderBilt.2019","age",""
"WEB9ec2cc5f","LS16THN301","uncertainty1s","N3.Thomas.2016","uncertainty1s",""
"WEBa5c8135f","LS16THN301","thickness","N3.Thomas.2016","thickness",""
"WEBb1fc0509","DaliLake.GoldsmithJiang.2017","lakeVolume","DaliLake.Jiang.2020","lakeVolume",""
"WEBc042b077","SL112.Kuhnt.2008","age","SL123.Kuhnt.2008","age",""
"WEBc042b077-dup","SL123.Kuhnt.2008","age","SL148.Kuhnt.2008","age",""
"WEBc46526e8","LS16THN301","C26n-alkanoicAcid","N3.Thomas.2016","C26n-alkanoicAcid",""
"WEBc6310c89","SL112.Kuhnt.2008","d13C","SL123.Kuhnt.2008","d13C",""
"WEBc6310c89-dup","SL123.Kuhnt.2008","d13C","SL148.Kuhnt.2008","d13C",""
"WEBd8987778","LS16THN301","d2H","N3.Thomas.2016","d2H",""
"WEBdb8c6da5","Gjoavatnet.vanderBilt.2019","temperature","Hajeren.vanderBilt.2019","temperature",""
"WEBdb8c6da5-dup","Hajeren.vanderBilt.2019","temperature","Hakluytvatnet.vanderBilt.2019","temperature",""
"WEBddaef138","LS16THN301","depth","N3.Thomas.2016","depth",""
"WEBddb4ca7c","SL112.Kuhnt.2008","uncertainty","SL123.Kuhnt.2008","uncertainty",""
"WEBddb4ca7c-dup","SL123.Kuhnt.2008","uncertainty","SL148.Kuhnt.2008","uncertainty",""
"WEBeef707e1","Gjoavatnet.vanderBilt.2019","depth","Hajeren.vanderBilt.2019","depth",""
"WEBeef707e1-dup","Hajeren.vanderBilt.2019","depth","Hakluytvatnet.vanderBilt.2019","depth",""
"WEBf7caa529","Ejulve.Moreno.2017","d18O","Molinos.Moreno.2017","d18O",""
"WEBfc5d0480","DaliLake.GoldsmithJiang.2017","age","DaliLake.Jiang.2020","age",""
"WEBfd7e019e","LS16THN301","C24n-alkanoicAcid","N3.Thomas.2016","C24n-alkanoicAcid",""
