"dataSetName","TSid","variableName","units","min_value","max_value","seasonality","compilations","likely"
"AElbiFlue.EPD","RUx92wLLzSa","growing degree days","degC",294.1,1301.9,"Summer",NA,"degree-days (GDD)"
"AgeroedsMosse.Nilsson.1964","Rt9fyy8KR7O","growing degree days","degC",245.6,2689.4,"Summer","HoloceneAbruptChange-0_10_0","degree-days (GDD)"
"AkgoelAdabag.EPD","RkyNOI6aaUf","growing degree days","degC",2068.3,4771.4,"Summer",NA,"degree-days (GDD)"
"Aletschwald.EPD","R8tEoD8ItoY","growing degree days","degC",615.5,2096.7,"Summer",NA,"degree-days (GDD)"
"AlltnaFeitheSheilich.Birks.1975","Rc8GwsnmKlj","growing degree days","degC",268.8,1497.5,"Summer",NA,"degree-days (GDD)"
"AlpidiRobieiValBavona.Welten.1982","Rj68g7aneaT","growing degree days","degC",308.4,2345,"Summer","HoloceneAbruptChange-0_10_0","degree-days (GDD)"
"Alsa.Mariscal.1993","RWV2JpogLH1","growing degree days","degC",1063.2,1963.8,"Summer","HoloceneAbruptChange-0_10_0","degree-days (GDD)"
"Alsopahok.Zatyko.2007","R4TUJ7NeL1P","growing degree days","degC",781,2674.5,"Summer","HoloceneAbruptChange-0_10_0","degree-days (GDD)"
"Amtkel.EPD","R56zr7Qh6VE","growing degree days","degC",814.6,3039,"Summer",NA,"degree-days (GDD)"
"Amtkel1.EPD","RK2ftjkJyTg","growing degree days","degC",636.8,1888.7,"Summer",NA,"degree-days (GDD)"
"Babozero.EPD","Rjkerbb2Coa","growing degree days","degC",431.4,987.8,"Summer",NA,"degree-days (GDD)"
"BaiedeSeineestuary.Garnaud.2003","RsaErN699U5","growing degree days","degC",1610,3506,"Summer","HoloceneAbruptChange-0_10_0","degree-days (GDD)"
"Basse-Ville.Voeltzel.1987","RyaQFMEsm7Y","growing degree days","degC",1678.2,2920.5,"Summer","HoloceneAbruptChange-0_10_0","degree-days (GDD)"
"BeaufortBirkenbach.EPD","REkVv6X3D71","growing degree days","degC",949.4,1897.2,"Summer",NA,"degree-days (GDD)"
"BebrukasLake.Shulija.1967","RvDEjX72NT9","growing degree days","degC",524.7,2761.6,"Summer","HoloceneAbruptChange-0_10_0","degree-days (GDD)"
"BeliyaKanton.EPD","R5ONOZEbGQe","growing degree days","degC",490.5,2952.7,"Summer",NA,"degree-days (GDD)"
"Besbog.EPD","Rbv0IGEuJaJ","growing degree days","degC",850,5072.6,"Summer",NA,"degree-days (GDD)"
"BiskupinskieLake.Noryskiewicz.1995","RCAtswPHMSw","growing degree days","degC",354.1,2264.4,"Summer","HoloceneAbruptChange-0_10_0","degree-days (GDD)"
"BlackSea(Southwest1).EPD","Rfdo3z3ZI5M","growing degree days","degC",2227.3,4804.3,"Summer",NA,"degree-days (GDD)"
"BlackSea(Southwest2).EPD","RSmHttxbozs","growing degree days","degC",2342,4134,"Summer",NA,"degree-days (GDD)"
"BledowoLake.Binka.1988","RHTmM4u3Nk6","growing degree days","degC",354.1,2961.8,"Summer",NA,"degree-days (GDD)"
"BoehnigseeGoldmoos.Markgraf.1969","R5JXEGyzqm2","growing degree days","degC",531.9,3032.7,"Summer","HoloceneAbruptChange-0_10_0","degree-days (GDD)"
"Breitnau-Neuhof.Roesch.2009","RARcblFICzL","growing degree days","degC",904.8,2968,"Summer","HoloceneAbruptChange-0_10_0","degree-days (GDD)"
"BuntesMoor.Weirich.1980","Rr0wylkiFej","growing degree days","degC",214.7,1739.5,"Summer","HoloceneAbruptChange-0_10_0","degree-days (GDD)"
"Cerveneblato.EPD","Rs5RAZjTdjg","growing degree days","degC",684.4,2125,"Summer",NA,"degree-days (GDD)"
"Clapeyret.deBeaulieu.1977","R4INq5GA42d","growing degree days","degC",508.6,1975,"Summer","HoloceneAbruptChange-0_10_0","degree-days (GDD)"
"CristolLake.EPD","Rqw6VjGMuTP","growing degree days","degC",384.7,2192.7,"Summer",NA,"degree-days (GDD)"
"DarzlubieForest.Polska-JasiewiczOwa.1996","Rogamn0fYuy","growing degree days","degC",184.6,2196.5,"Summer","HoloceneAbruptChange-0_10_0","degree-days (GDD)"
"DeltadelRioBesos.EPD","R9LVkiWxjGZ","growing degree days","degC",1885.2,3474.1,"Summer",NA,"degree-days (GDD)"
"Dolgoe.EPD","RpmklkPdX86","growing degree days","degC",1233.9,1428.8,"Summer",NA,"degree-days (GDD)"
"DomeF.Uemura.2018","WEB9012aa6d","temperature","degC",207.4,219.3,NA,NA,"degree-days (GDD)"
"Donvold.Nilssen.1983","RmflVpezVsg","growing degree days","degC",338.3,1631.7,"Summer","HoloceneAbruptChange-0_10_0","degree-days (GDD)"
"DovjokSwamp.EPD","RdPYLHgYJB2","growing degree days","degC",819.4,3037.5,"Summer",NA,"degree-days (GDD)"
"Dura-Moor.Seiwald.1980","RdUukXSDXTi","growing degree days","degC",355.8,1719,"Summer","HoloceneAbruptChange-0_10_0","degree-days (GDD)"
"Duranunlak.EPD","RN0W4r8rqUT","growing degree days","degC",1791.2,4291.5,"Summer",NA,"degree-days (GDD)"
"E5.Daniels.2021","WEBff82345d","d2H","degC",-286.1,-245,NA,NA,"absolute polar temperature (check)"
"E5.Daniels.2021","WEBdb558dbc","d2H","degC",-279.6,-244,"Growing Season",NA,"absolute polar temperature (check)"
"Etangd'Ouveillan.EPD","Rl9rXarvDX4","growing degree days","degC",1800.6,3662.4,NA,NA,"degree-days (GDD)"
"Etangd'yCorMontana.Welten.1982","RaIDYW3buuY","growing degree days","degC",418.6,1765.5,"Summer","HoloceneAbruptChange-0_10_0","degree-days (GDD)"
"EtangdelaGruere.EPD","RQmh08WAFak","growing degree days","degC",713.4,2121.2,NA,NA,"degree-days (GDD)"
"Faershesjoen.EPD","R1v7LKuyx4d","growing degree days","degC",303.6,2370,NA,NA,"degree-days (GDD)"
"Flarken.Berglund.1966","Rc7xNiMmn1H","growing degree days","degC",592.7,1426.3,"Summer","HoloceneAbruptChange-0_10_0","degree-days (GDD)"
"Floegeln.EPD","RX3AXOfGZsC","growing degree days","degC",460.7,2119.9,NA,NA,"degree-days (GDD)"
"FontaineHenry.Lespez.2008","Rdz9C32Zb8u","growing degree days","degC",1133.4,2415.1,"Summer","HoloceneAbruptChange-0_10_0","degree-days (GDD)"
"Fougeres.EPD","RFXURqH8EBK","growing degree days","degC",1563.3,3170.1,NA,NA,"degree-days (GDD)"
"FranzSenn-Huette.EPD","RV8EzaxnJKZ","growing degree days","degC",267.3,1745,NA,NA,"degree-days (GDD)"
"Gerlos.EPD","RqvarJqO2Yb","growing degree days","degC",371.1,1395.1,NA,NA,"degree-days (GDD)"
"Giecz.Milecka.2002","RWkXLQSmRHW","growing degree days","degC",1218.2,3119.4,"Summer","HoloceneAbruptChange-0_10_0","degree-days (GDD)"
"Giering.Bortenschlager.1976","RJTAWmajv9s","growing degree days","degC",530.3,2845.2,"Summer","HoloceneAbruptChange-0_10_0","degree-days (GDD)"
"Glaswaldsee.EPD","R4xM9iGPTuc","growing degree days","degC",1127,2798.3,"Summer","HoloceneAbruptChange-0_10_0","degree-days (GDD)"
"GodziszewskieLake.Miotk.1986","Ras5nGCFoxm","growing degree days","degC",231.1,3074.7,"Summer","HoloceneAbruptChange-0_10_0","degree-days (GDD)"
"GondoAlpjen.Welten.1982","R1TroCHQ4GM","growing degree days","degC",336.4,2242.1,"Summer","HoloceneAbruptChange-0_10_0","degree-days (GDD)"
"Gosciaz.Welten.1982","Rn6nmKL5RKl","growing degree days","degC",378.5,3155.8,"Summer","HoloceneAbruptChange-0_10_0","degree-days (GDD)"
"Gradenmoos.EPD","RKYd0DCsAU7","growing degree days","degC",625.6,1378.9,NA,NA,"degree-days (GDD)"
"GraechenSee.Krisai.2006","RLJvDaBqlOZ","growing degree days","degC",427.1,1858.7,"Summer","HoloceneAbruptChange-0_10_0","degree-days (GDD)"
"GrandeBriere.Visset.1979","RiyTBpWjtPN","growing degree days","degC",1228.5,3933.9,"Summer","HoloceneAbruptChange-0_10_0","degree-days (GDD)"
"Grindjisee.EPD","R1JJxQXBKVO","growing degree days","degC",284.1,1197.1,NA,NA,"degree-days (GDD)"
"GrosserTreppelsee.EPD","RMD69b33RQJ","growing degree days","degC",722.2,3128.3,NA,NA,"degree-days (GDD)"
"Gunnarsfjorden.Allen.2007","PYT7QTLPRRU","growing degree days","degC",355,1028,"Summer","HoloceneAbruptChange-0_10_0","degree-days (GDD)"
"Haengstli.Heeb.1972","RxI8ygbw7QX","growing degree days","degC",803.8,1913.6,"Summer","HoloceneAbruptChange-0_10_0","degree-days (GDD)"
"HavredeCrabec.Coutard.2006","RRd7wZqXlrl","growing degree days","degC",1620.5,3036,"Summer","HoloceneAbruptChange-0_10_0","degree-days (GDD)"
"HieressurAmby.EPD","RKECFvItP8S","growing degree days","degC",786.7,2826,NA,NA,"degree-days (GDD)"
"Hinterburgseeli.EPD","R0Jnkfyf3GK","growing degree days","degC",578.8,2803.6,"Summer","HoloceneAbruptChange-0_10_0","degree-days (GDD)"
"Holtjaernen.Giesecke.2008","R4t5kuYK7RC","temperature","degC",715.3,1493.5,"GDD5","HoloceneAbruptChange-0_10_0","degree-days (GDD)"
"HortTimoner.EPD","REtlCq6lLeJ","growing degree days","degC",2056.4,4202.2,NA,NA,"degree-days (GDD)"
"HoyranGoelue.EPD","RWEkdDci92p","growing degree days","degC",1167.7,4954.2,NA,NA,"degree-days (GDD)"
"ImatuMire.EPD","RvadWpm8MSZ","growing degree days","degC",350.3,1356.5,NA,NA,"degree-days (GDD)"
"Isokaerret.Asplund.1989","Rgei1mhJ3vF","growing degree days","degC",630.7,1378.2,"Summer","HoloceneAbruptChange-0_10_0","degree-days (GDD)"
"Jasiel.EPD","RKEvhQgRVkh","growing degree days","degC",146.5,3103.3,"Summer",NA,"degree-days (GDD)"
"JezioroDruzno.EPD","RwML0TaJOOr","growing degree days","degC",382.9,2954.2,NA,NA,"degree-days (GDD)"
"Kaarkotinlampi.EPD","RTEC3Non8pW","growing degree days","degC",317,1400.5,NA,NA,"degree-days (GDD)"
"Kaartlamminsuo.Rankama.1988","RFC1LfCMXlY","growing degree days","degC",795.1,1358.7,"Summer","HoloceneAbruptChange-0_10_0","degree-days (GDD)"
"Kamenicky.EPD","Reh8tfn0IW5","growing degree days","degC",190.8,1529.2,NA,NA,"degree-days (GDD)"
"Kansjon.EPD","RhYWxgLYxJd","growing degree days","degC",682.4,2293.9,"Summer","HoloceneAbruptChange-0_10_0","degree-days (GDD)"
"KararmikBatakligi.EPD","R4WMNwqQts7","growing degree days","degC",1316,4804.3,NA,NA,"degree-days (GDD)"
"KardashinskiSwamp.Kremenetski.1995","R3w1mODzkpt","growing degree days","degC",1493.5,4476.9,"Summer","HoloceneAbruptChange-0_10_0","degree-days (GDD)"
"Karujarv.EPD","RWuxIAmoYYF","growing degree days","degC",948.3,1887.7,"Summer","HoloceneAbruptChange-0_10_0","degree-days (GDD)"
"Klotjaernen.Pollen.Sweden","R8jRGF3A5Va","temperature","degC",827.6,1501.2,"GDD5","HoloceneAbruptChange-0_10_0","degree-days (GDD)"
"KoeycegizGoelue.EPD","RTYqiGOR0Az","growing degree days","degC",1158.5,4265.8,"Summer","HoloceneAbruptChange-0_10_0","degree-days (GDD)"
"Kupena.EPD","R6Dwi4OqJ7Q","growing degree days","degC",971.5,2915,NA,NA,"degree-days (GDD)"
"LaBeuffarde.EPD","ROHwrZg8yOr","growing degree days","degC",687.6,2502.5,NA,NA,"degree-days (GDD)"
"LacdeBretaye.EPD","RmpZaVNJ3im","growing degree days","degC",572.3,1267.6,NA,NA,"degree-days (GDD)"
"LagodeAjo.Allen.1996","R8WWWfqUlJf","growing degree days","degC",976.9,2514.2,"Summer","HoloceneAbruptChange-0_10_0","degree-days (GDD)"
"LagunaSaladaChiprana.EPD","RPxmN7Go1kh","growing degree days","degC",1526.9,4725.9,"Summer","HoloceneAbruptChange-0_10_0","degree-days (GDD)"
"Laihalampi.Giesecke.2008","RI7udHdNCkA","temperature","degC",-443.1,142,"1; GDD5","HoloceneAbruptChange-0_10_0","degree-days (GDD)"
"Laihalampi.Giesecke.2008","RkcSPEYOXLj","temperature","degC",312.6,1472.2,"GDD5","HoloceneAbruptChange-0_10_0","degree-days (GDD)"
"Lailias.EPD","RFQRUpK6xxR","growing degree days","degC",965.9,2623,NA,NA,"degree-days (GDD)"
"LakeIfjord.EPD","RQzIMRCDPeW","growing degree days","degC",255.5,845.6,NA,NA,"degree-days (GDD)"
"LakeJarveotsa.EPD","Rm64Y2cSLCS","growing degree days","degC",552.1,1365,NA,NA,"degree-days (GDD)"
"LakeMikolajki.EPD","RRPRf7JV2HF","growing degree days","degC",184.6,2954.2,NA,NA,"degree-days (GDD)"
"LakeNero.EPD","RAdZr2WTGgj","growing degree days","degC",756.7,1345.9,NA,NA,"degree-days (GDD)"
"LakeRacze.EPD","RnnLQ0aJSKv","growing degree days","degC",641.7,2480.4,NA,NA,"degree-days (GDD)"
"LeFourneau.Barbier.1999","RP14vrmOjx8","growing degree days","degC",808.6,2460.6,"Summer","HoloceneAbruptChange-0_10_0","degree-days (GDD)"
"LeGrandLemps.Clerc.1988","RdB0mYiaXJc","growing degree days","degC",1055.5,2907.7,"Summer","HoloceneAbruptChange-0_10_0","degree-days (GDD)"
"Lednica-1.Makohonienko.1991","Rpvnb5awBgJ","growing degree days","degC",414.1,3037.7,"Summer","HoloceneAbruptChange-0_10_0","degree-days (GDD)"
"Lednica-2.Litt.1991","RI2TraZ8V8y","growing degree days","degC",551.5,3079.2,"Summer","HoloceneAbruptChange-0_10_0","degree-days (GDD)"
"LeikishkeBog.EPD","RTVqAyHEqNO","growing degree days","degC",1133.8,2324.8,NA,NA,"degree-days (GDD)"
"LiivjarveBog.Koff.1989","RUS5VwToJhE","growing degree days","degC",376.8,1395.5,"Summer","HoloceneAbruptChange-0_10_0","degree-days (GDD)"
"Lingreville.Billard.1995","RRNGVYg89rA","growing degree days","degC",533.8,4067.8,"Summer","HoloceneAbruptChange-0_10_0","degree-days (GDD)"
"Lisi.EPD","ReCHxJ3DSbA","growing degree days","degC",896.7,3741,NA,NA,"degree-days (GDD)"
"LittleLochRoag.Birks.1979","RUzoX2cQs5B","growing degree days","degC",1068.8,2280.6,"Summer","HoloceneAbruptChange-0_10_0","degree-days (GDD)"
"Lobsigensee.Ammann.1985","RxsM20XsGKX","growing degree days","degC",1483.6,2626.2,"Summer","HoloceneAbruptChange-0_10_0","degree-days (GDD)"
"LochLaxford.EPD","RKvHa0AR9Ak","growing degree days","degC",456.5,2420,NA,NA,"degree-days (GDD)"
"Luganskoe.Kvavadze.1994","RKCxY00eNDc","growing degree days","degC",440.7,4113.1,"Summer","HoloceneAbruptChange-0_10_0","degree-days (GDD)"
"MD02-2499.Lopez.2018","WEB33ffbfb3","temperature","degC",20.3,1689.9,"summer","wNAm-0_15_0","degree-days (GDD)"
"MaleshevskaBog.Tonkov.1992","RueOmveirpN","growing degree days","degC",1287.7,2389.5,"Summer","HoloceneAbruptChange-0_10_0","degree-days (GDD)"
"MaraisdeCharauze.EPD","RyBax8TdYRQ","growing degree days","degC",294.2,2530.1,NA,NA,"degree-days (GDD)"
"Menez-Cam.VanZeist.1964","RBDMiZdeF59","growing degree days","degC",1416.1,2215.5,"Summer","HoloceneAbruptChange-0_10_0","degree-days (GDD)"
"Mezhgornoe.EPD","RZW980nAcTT","growing degree days","degC",583.6,1186.8,NA,NA,"degree-days (GDD)"
"MiemingerSee.EPD","ROkkZ5diE1W","growing degree days","degC",394.5,2578.5,NA,NA,"degree-days (GDD)"
"MirePelisoo.EPD","RZftwSxSXap","growing degree days","degC",674.9,1379.8,"Summer",NA,"degree-days (GDD)"
"MireSaviku.Sarv.1975","RAhrMVSdbiG","growing degree days","degC",190.8,1409.2,"Summer","HoloceneAbruptChange-0_10_0","degree-days (GDD)"
"MittlereHellelen.Welten.1982","RLlAR8gwb33","growing degree days","degC",399.9,1829.9,"Summer","HoloceneAbruptChange-0_10_0","degree-days (GDD)"
"MonteSanGiorgio.EPD","RoI5jDC6gI8","growing degree days","degC",1675.4,2709.1,NA,NA,"degree-days (GDD)"
"MoorAlpenrose.Weirich.1980","RDVAxwcYqys","growing degree days","degC",306.2,1455.8,NA,"HoloceneAbruptChange-0_10_0","degree-days (GDD)"
"MoorimWeissenstadterForst.Hahne.1992","RP0oDlQjp6n","growing degree days","degC",428.9,1853.8,"Summer","HoloceneAbruptChange-0_10_0","degree-days (GDD)"
"Naroch.EPD","R6ay38jlK5U","growing degree days","degC",587.5,2200.9,NA,NA,"degree-days (GDD)"
"NussbaumerSeen.Rsch.1995","RbYMRRiHb2j","growing degree days","degC",657.3,2810.7,"Summer","HoloceneAbruptChange-0_10_0","degree-days (GDD)"
"OltushLake.EPD","RqV6tIlk0xt","growing degree days","degC",959.6,1868.3,"Summer","HoloceneAbruptChange-0_10_0","degree-days (GDD)"
"OnegoLake.EPD","RG9eSfGufw5","growing degree days","degC",896.5,2643.7,NA,NA,"degree-days (GDD)"
"Ospitale.Watson.1996","RwmTAedA9qh","growing degree days","degC",1063.4,2678.3,"Summer","HoloceneAbruptChange-0_10_0","degree-days (GDD)"
"Ostrowite.Milecka.2002","RZPuvq0nGP1","growing degree days","degC",592.7,2265.1,"Summer","HoloceneAbruptChange-0_10_0","degree-days (GDD)"
"PannelBridge.Waller.1993","RutuPuENjcK","growing degree days","degC",708.6,3621.5,"Summer","HoloceneAbruptChange-0_10_0","degree-days (GDD)"
"PasduGu.EPD","Rtakis2kyvu","growing degree days","degC",1032.4,3621.5,NA,NA,"degree-days (GDD)"
"PicodelSertal.EPD","R0Ua0Fe0Uds","growing degree days","degC",844.9,1714,NA,NA,"degree-days (GDD)"
"PierreFolle.EPD","ROLf7zxGTDQ","growing degree days","degC",1196.6,4051,NA,NA,"degree-days (GDD)"
"PlaineAlpe.EPD","R3oqpdzVFve","growing degree days","degC",732.8,3005.7,NA,NA,"degree-days (GDD)"
"PrazRodet.Shotyk.1997","RV0wUz0sb6y","growing degree days","degC",471.5,2157.5,"Summer","HoloceneAbruptChange-0_10_0","degree-days (GDD)"
"PreRond.EPD","R2nnNBwUEyH","growing degree days","degC",556.4,3005.7,NA,NA,"degree-days (GDD)"
"Ptichje.EPD","RPU3Osj1axJ","growing degree days","degC",269.3,1061.7,NA,NA,"degree-days (GDD)"
"PuertodeLosTornos.Penalba.1989","RZAovgxJOqO","growing degree days","degC",940.9,2288.9,"Summer","HoloceneAbruptChange-0_10_0","degree-days (GDD)"
"Punozerka.EPD","RwXP6KWdLmI","growing degree days","degC",709.5,1335.1,NA,NA,"degree-days (GDD)"
"PusciznaRekowianska.Obidowicz.1993","RyCnnKwUvcW","growing degree days","degC",677.3,2102.3,"Summer","HoloceneAbruptChange-0_10_0","degree-days (GDD)"
"RaigastvereLake.Pirrus.1987","RDtU4R1ifAD","growing degree days","degC",765.9,1918,"Summer","HoloceneAbruptChange-0_10_0","degree-days (GDD)"
"RanViken.EPD","RdNfcgPyzBp","growing degree days","degC",470.6,1720.7,NA,NA,"degree-days (GDD)"
"Rasna.EPD","RAtXCLhMdwO","growing degree days","degC",146.5,1849.9,NA,NA,"degree-days (GDD)"
"Rinderplatz.EPD","RERAE9wQd6z","growing degree days","degC",390.2,1495.8,NA,NA,"degree-days (GDD)"
"Rotmoos-Eriz.EPD","ReRj4fnBcMi","growing degree days","degC",738.9,2001.6,NA,NA,"degree-days (GDD)"
"Rotsee.EPD","RSNREefYwAC","growing degree days","degC",1066.9,2497.6,NA,NA,"degree-days (GDD)"
"Rukatunturi.Hicks.1985","RMGkoZtv8Hz","growing degree days","degC",658.9,1200.6,"Summer","HoloceneAbruptChange-0_10_0","degree-days (GDD)"
"SaegistalseePollen.Wick.2003","RRgBVYjFVE5","growing degree days","degC",525.6,2515.3,"Summer","HoloceneAbruptChange-0_10_0","degree-days (GDD)"
"Saint-Ursin.EPD","RLoH4lMLW0Z","growing degree days","degC",422.6,2249.3,NA,NA,"degree-days (GDD)"
"SaintThomas.Voeltzel.1987","RGnBINnkNc9","growing degree days","degC",1534.2,3238.8,"Summer","HoloceneAbruptChange-0_10_0","degree-days (GDD)"
"SaintViaudContin.Bernard.1996","R1bUvQ6Dj37","growing degree days","degC",1711.1,3116,"Summer","HoloceneAbruptChange-0_10_0","degree-days (GDD)"
"SaladaPequena.EPD","Rl0ln7LEpGa","growing degree days","degC",1660.5,4971.2,"Summer","HoloceneAbruptChange-0_10_0","degree-days (GDD)"
"SanabriaMarsh.EPD","RWQXrFzDOob","growing degree days","degC",846.8,2558.3,NA,NA,"degree-days (GDD)"
"Schoepfenwaldmoor.EPD","Ris7KZdSuv4","growing degree days","degC",399.3,1651.2,NA,NA,"degree-days (GDD)"
"Schwarzsee.EPD","RjWZKZif85S","growing degree days","degC",394.9,1712.3,NA,NA,"degree-days (GDD)"
"SchwarzseeReschenscheideck.Welten.1982","R2QVPuOjNDo","growing degree days","degC",474.9,1397.6,NA,NA,"degree-days (GDD)"
"Sibista.EPD","RR7SwKRdcnU","growing degree days","degC",384.5,2680.4,NA,NA,"degree-days (GDD)"
"Sipola.EPD","R3TMP1mNjfW","growing degree days","degC",431.1,2964.5,NA,NA,"degree-days (GDD)"
"Skrzetuszewskie.Litt.2001","RRP9WLlLopt","growing degree days","degC",633.3,3072.1,"Summer","HoloceneAbruptChange-0_10_0","degree-days (GDD)"
"Sluggan.Smith.1991","RSjQdNgixef","growing degree days","degC",340.1,2134.1,"Summer","HoloceneAbruptChange-0_10_0","degree-days (GDD)"
"Steklin.EPD","RikkEe88R5m","growing degree days","degC",414.1,2517.6,NA,NA,"degree-days (GDD)"
"Straldzhamire.Tonkov.2009","RudoCdOnY97","growing degree days","degC",1746.5,4211.1,"Summer","HoloceneAbruptChange-0_10_0","degree-days (GDD)"
"StrazymLake.EPD","RanbFextkXO","growing degree days","degC",245.6,2663,NA,NA,"degree-days (GDD)"
"SudobleLake.Elovicheva.1985","RCVaHg4exGa","growing degree days","degC",899.2,2215.8,"Summer","HoloceneAbruptChange-0_10_0","degree-days (GDD)"
"Svyatoye2.EPD","RWvOlYq2t2M","growing degree days","degC",1094.5,1746.1,NA,NA,"degree-days (GDD)"
"SwienskuhleDAHIII.Behre.1986","RIrBkv5rm61","growing degree days","degC",1335.2,2123.3,"Summer","HoloceneAbruptChange-0_10_0","degree-days (GDD)"
"SwietokrzyskieLake.Makohonienko.1991","RePp7vbXT3v","growing degree days","degC",414.1,3037.7,"Summer","HoloceneAbruptChange-0_10_0","degree-days (GDD)"
"Szymbark.Szczepanek.1989","Rg0sBYvoF3X","growing degree days","degC",1047.6,2700.3,NA,"HoloceneAbruptChange-0_10_0","degree-days (GDD)"
"TarnawaWyzna.EPD","R4jEkrkc9wU","growing degree days","degC",738.3,2147.4,NA,NA,"degree-days (GDD)"
"Tarnowiec.Harmata.1987","RhQkERk0tQE","growing degree days","degC",490,2436.1,"Summer","HoloceneAbruptChange-0_10_0","degree-days (GDD)"
"TellAkko.Kaniewski.2013","WEB-64276-95ec-448b-a208-2fe08","temperature","degC",5.6,568.9,"Winter",NA,"degree-days (GDD)"
"ThorpeBulmer.EPD","RX04T5nIEIf","growing degree days","degC",165.8,2379,NA,NA,"degree-days (GDD)"
"TourbieredeMathon.EPD","RfisZwCnxbR","growing degree days","degC",1432.6,2295.9,NA,NA,"degree-days (GDD)"
"TourbieredeSantaAnna.EPD","R60qcy7CK1u","growing degree days","degC",384.4,2315.1,NA,NA,"degree-days (GDD)"
"TourbiereduPeschio.EPD","RAmuj378FoB","growing degree days","degC",1377.6,2041.2,NA,NA,"degree-days (GDD)"
"Trogenmoos.EPD","RmsEynOu2Iu","growing degree days","degC",328,1504.5,NA,NA,"degree-days (GDD)"
"TrumerMoos.EPD","Rg0AYzsO6Us","growing degree days","degC",944,3092,NA,NA,"degree-days (GDD)"
"TurovaDacha.EPD","R8pUflhPiCG","growing degree days","degC",996.5,2274.3,NA,NA,"degree-days (GDD)"
"Uitbergen.Verbruggen.1979","RSJ6jE3Iutj","growing degree days","degC",1610.7,2198.2,"Summer","HoloceneAbruptChange-0_10_0","degree-days (GDD)"
"Van.VanZeist.1978","Rc1R6KN95mm","growing degree days","degC",2354.7,5173.4,"Summer","HoloceneAbruptChange-0_10_0","degree-days (GDD)"
"Vasikkasuo.EPD","R0YYEtojoza","growing degree days","degC",272.4,1310.2,NA,NA,"degree-days (GDD)"
"VelkyMaj.EPD","RRwLCP2TWSr","growing degree days","degC",1109.6,2443.8,NA,NA,"degree-days (GDD)"
"Vernerovice.Peichlova.1979","RNMUJXPCKxw","growing degree days","degC",231.2,1564.4,"Summer","HoloceneAbruptChange-0_10_0","degree-days (GDD)"
"VestreOEykjamyrtjoern.Pollen.Sweden","R1Gp9P3A6nc","temperature","degC",266.9,1060.3,"GDD5",NA,"degree-days (GDD)"
"VestreOykjamyrtorn.EPD","R6V9fOTGBXL","growing degree days","degC",184.6,1395.2,"Summer","HoloceneAbruptChange-0_10_0","degree-days (GDD)"
"VitoshaMountainsPeatBog.EPD","R4CLWg57odG","growing degree days","degC",1002.9,3212.5,NA,NA,"degree-days (GDD)"
"Wachel3.Doerfler.1989","RnpsXXUUGdh","growing degree days","degC",146.5,2496,"Summer","HoloceneAbruptChange-0_10_0","degree-days (GDD)"
"WachseldornUntermoos.Oeschger.1980","RY7Tk0mKIM1","growing degree days","degC",878.2,2134.5,"Summer","HoloceneAbruptChange-0_10_0","degree-days (GDD)"
"Waschhorn.EPD","Rwr8D0Jwr5j","growing degree days","degC",1217.3,1928,"Summer",NA,"degree-days (GDD)"
"WasenmoosbeimZellhof.EPD","RfVxVgGYYrv","growing degree days","degC",414.1,3261.6,"Summer",NA,"degree-days (GDD)"
"Waxeckalm.Huettemann.1987","Rndk20JUlYM","growing degree days","degC",816.3,2915,"Summer","HoloceneAbruptChange-0_10_0","degree-days (GDD)"
"WiggenhallSt.Germans.Waller.1994","RPa6S0K7H2S","growing degree days","degC",1359.8,3209.4,"Summer","HoloceneAbruptChange-0_10_0","degree-days (GDD)"
"WilderSeebeimRuhestein.EPD","RlS9bXY8q0m","growing degree days","degC",1361.1,2909.1,"Summer","HoloceneAbruptChange-0_10_0","degree-days (GDD)"
"Woryty.EPD","RJey8clW6sN","growing degree days","degC",501,3037.7,"Summer","HoloceneAbruptChange-0_10_0","degree-days (GDD)"
"Ylimysneva.Huttunen.1990","R2Bo9Q24qnz","growing degree days","degC",397.3,1453.1,"Summer","HoloceneAbruptChange-0_10_0","degree-days (GDD)"
"Zalozhtsy.Bezusko.1992","RQYYYpHzf5V","growing degree days","degC",747.7,2571.8,"Summer","HoloceneAbruptChange-0_10_0","degree-days (GDD)"
"Zbudovskablata.Rybnickova.1975","RqmJAZOGPVa","growing degree days","degC",648.7,1628,"Summer","HoloceneAbruptChange-0_10_0","degree-days (GDD)"
"Zirbenwaldmoor.EPD","RiSQehyugDB","growing degree days","degC",395.7,1481.6,"Summer",NA,"degree-days (GDD)"
"Zuratkul'.EPD","R2OFwcuMdbU","growing degree days","degC",681.5,1442.6,"Summer",NA,"degree-days (GDD)"
