"TSid1","TSid2","km","n","r","r_diff","rmse","rmse_diff","identical","overlap_frac","frac1","frac2","duplicate","rule","keep1","keep2","review"
"Ocean2kHR_001","Ocean2kHR_012",0,108,0.19528367602778,-0.00588210260465958,0.288470423414923,1.41172329816476,FALSE,0.92475161987041,0.55461139896373,0.92475161987041,FALSE,NA,NA,NA,FALSE
"Ocean2kHR_014","Ocean2kHR_016",0,107,0.12720246469273,0.0492633694231114,0.204750246767621,1.37241933612208,FALSE,1,0.519607843137255,1,FALSE,NA,NA,NA,FALSE
"Ocean2kHR_018","Ocean2kHR_019",1.00117140635791,97,0.0632390962661303,-0.0646258215377647,0.275944488665279,1.4515756743829,FALSE,1,1,0.392638036809816,FALSE,NA,NA,NA,FALSE
"Ocean2kHR_020","Ocean2kHR_021",0,113,0.181950680051072,0.0879057151952288,0.556358969638618,1.34458215504543,FALSE,1,0.333333333333333,1,FALSE,NA,NA,NA,FALSE
"Ocean2kHR_023","Ocean2kHR_026",2.39529537096641,136,0.296238336104878,0.154709904084727,0.527892348917714,1.29539853929004,FALSE,0.903549382716049,0.733095604180962,0.903549382716049,FALSE,NA,NA,NA,FALSE
"Ocean2kHR_023","Ocean2kHR_026_iso2k",2.39529537096641,136,0.296238176919305,0.154709693492844,0.527892350138643,1.295398700655,FALSE,0.903549382716049,0.733095604180962,0.903549382716049,FALSE,NA,NA,NA,FALSE
"Ocean2kHR_026","Ocean2kHR_026_iso2k",0,152,0.999999999999136,0.999999999998203,2.91311349959165e-07,1.88949242129124e-06,TRUE,1,1,1,TRUE,"identical",TRUE,FALSE,FALSE
"Ocean2kHR_102","Ocean2kHR_105",0.333584779933689,0,NA,NA,NA,NA,FALSE,0,NA,NA,FALSE,NA,NA,NA,FALSE
"Ocean2kHR_108","Ocean2kHR_110",0,59,-0.433048454140098,-0.0399349663936965,0.841283057929566,1.42968881451875,FALSE,1,0.920634920634921,1,FALSE,NA,NA,NA,FALSE
"Ocean2kHR_124","Ocean2kHR_125",0,17,0.714888273918638,0.652393399184691,0.459571056046348,0.807318014495344,FALSE,0.75,0.75,0.676056338028169,FALSE,NA,NA,NA,FALSE
"Ocean2kHR_140","Ocean2kHR_172",0.51786183667938,69,0.476814769219501,0.63773023150496,0.308127067709204,0.84491688573436,FALSE,1,0.612472160356347,1,FALSE,NA,NA,NA,FALSE
"Ocean2kHR_142","Ocean2kHR_156",0.507959129291942,113,0.529678045415186,0.554577368802187,4.68608095217677,0.939622949293238,FALSE,1,1,0.5859375,FALSE,NA,NA,NA,FALSE
"Ocean2kHR_142","Ocean2kHR_157",0.507959129291942,108,0.571770609470333,0.482013983285033,5.0517395527936,1.01305974740343,FALSE,1,0.955555555555556,1,FALSE,NA,NA,NA,FALSE
"Ocean2kHR_147","Ocean2kHR_150",0,123,0.561836233294596,0.32917916284768,0.178485042984295,1.15353570009797,FALSE,0.97394422310757,0.452485840151038,0.97394422310757,FALSE,NA,NA,NA,FALSE
"Ocean2kHR_147","Ocean2kHR_152",0,91,0.497780405230755,0.357350889019263,0.188857176106795,1.12739395537068,FALSE,0.96941961882201,0.333283974382704,0.96941961882201,FALSE,NA,NA,NA,FALSE
"Ocean2kHR_150","Ocean2kHR_152",0,94,0.655517956582167,0.409406092157023,0.198850419566322,1.08096571242166,FALSE,1,0.739999999999999,1,FALSE,NA,NA,NA,FALSE
"Ocean2kHR_156","Ocean2kHR_157",0,108,0.939550960673824,0.905086269406439,0.388413461690274,0.433651210957391,FALSE,1,0.559895833333333,1,FALSE,NA,NA,NA,FALSE
"Ocean2kHR_163","Ocean2kHR_163_iso2k",0,124,1,1,0,0,FALSE,1,1,1,TRUE,"curated",TRUE,FALSE,FALSE
"Ocean2kHR_169","Ocean2kHR_188",0,64,0.125765286984048,0.0948431059160982,0.20258188391331,1.33475789889893,FALSE,0.761732996783019,0.628445560997507,0.761732996783019,FALSE,NA,NA,NA,FALSE
"Ocean2kHR_025","Ocean2kHR_027",2.25938510946616,136,0.613549110156771,0.223829514861512,0.0654046606176307,1.24130662943325,FALSE,1,0.764150943396226,1,FALSE,NA,NA,NA,FALSE
"Ocean2kHR_164","Ocean2kHR_164_iso2k",0,124,1,1,0,0,FALSE,1,1,1,TRUE,"curated",TRUE,FALSE,FALSE
"Ocean2kHR_175","Ocean2kHR_175_iso2k",0,64,1,1,0,0,FALSE,1,1,1,TRUE,"curated",TRUE,FALSE,FALSE
"Ocean2kHR_185","Ocean2kHR_186",0,53,0.611963682578281,0.217949038941136,0.0869523484555767,1.23855683721018,FALSE,1,0.880112834978844,1,FALSE,NA,NA,NA,FALSE
"Ocean2kHR_185","Ocean2kHR_187",0,60,0.313841563503212,0.289622718859316,0.0847959973640653,1.18180961938884,FALSE,1,1,0.591326105087573,FALSE,NA,NA,NA,FALSE
"Ocean2kHR_185","Ocean2kHR_189",0,23,0.366205965738572,0.0956268428453747,0.384806046628902,1.31397510355019,FALSE,0.370944992947815,0.370944992947815,0.264987391236247,FALSE,NA,NA,NA,FALSE
"Ocean2kHR_186","Ocean2kHR_187",0,53,0.212389571024235,0.00667272811738336,0.0672053135071645,1.3958687791812,FALSE,1,1,0.520433694745622,FALSE,NA,NA,NA,FALSE
"Ocean2kHR_186","Ocean2kHR_189",0,16,0.386399932471241,0.0194095913981024,0.312424538730146,1.35293585560817,FALSE,0.285256410256412,0.285256410256412,0.179345078479286,FALSE,NA,NA,NA,FALSE
"Ocean2kHR_187","Ocean2kHR_189",0,64,0.356694748402733,0.307577852730162,0.316714403966581,1.1674170801692,FALSE,0.758690135364615,0.628023352793996,0.758690135364615,FALSE,NA,NA,NA,FALSE
"Ant_005","IC02MUBI01A",0,991,1,1,0,0,TRUE,1,1,1,TRUE,"identical",TRUE,FALSE,FALSE
"Ant_006","IC02GR0701A",0,986,1,1,0,0,TRUE,1,1,1,TRUE,"identical",TRUE,FALSE,FALSE
"Ant_007","IC02GR0501A",0.575587291961311,1831,0.999999999661759,0.999999998422741,2.89383843469431e-05,5.61497454019221e-05,FALSE,1,1,1,TRUE,"prior",FALSE,TRUE,FALSE
"Ant_008","IC02GR1701A",0,984,1,1,0,0,TRUE,1,1,1,TRUE,"identical",TRUE,FALSE,FALSE
"Ant_009","Ant_010",0,79,-0.0627088469178691,0.0208799569071234,1.37722619694201,1.39037205238568,FALSE,0.74007852243811,0.74007852243811,0.654414195762712,FALSE,NA,NA,NA,FALSE
"Ant_009","IC07KADF01A",0,235,0.99999999998589,0.999999999970968,5.42046204728437e-06,7.60371147122559e-06,FALSE,0.999999999654979,0.999999999654979,0.999999998696587,TRUE,"curated",TRUE,FALSE,FALSE
"Ant_009","IC08HODF02A",0,79,-0.062708497759346,0.0208797563325384,1.37722618983862,1.39037219479584,FALSE,0.74007852243811,0.74007852243811,0.654414195762712,FALSE,NA,NA,NA,FALSE
"Ant_009","WEB13e37e8c",0.819119245651217,14,0.518274589205634,0.315500123745753,NA,1.12414059585027,FALSE,1,1,0.00802595330320579,FALSE,NA,NA,NA,FALSE
"Ant_010","IC07KADF01A",0,79,-0.0627087380384837,0.0208798336821911,1.37722529179517,1.39037213987674,FALSE,0.740078521383803,0.654414195457627,0.740078521383803,FALSE,NA,NA,NA,FALSE
"Ant_010","IC08HODF02A",0,121,0.999999889170188,0.99999988652576,0.000356050524926927,0.000474401984464077,FALSE,1,1,1,TRUE,"curated",TRUE,FALSE,FALSE
"Ant_010","WEB13e37e8c",0.819119245651217,15,0.299071100133716,0.3662059945773,NA,1.0849175130261,FALSE,1,1,0.00907656909072854,FALSE,NA,NA,NA,FALSE
"Ant_011","IC13PALD01A",0.131573547573852,1823,0.999999999234217,0.999999999107996,2.90327127750849e-05,4.22259049912481e-05,FALSE,1,1,1,TRUE,"prior",FALSE,TRUE,FALSE
"Ant_012","IC01JO0101A",0,134,0.999999999998556,0.999999999998307,9.07981663658571e-07,1.83322558878774e-06,FALSE,1,1,1,TRUE,"curated",TRUE,FALSE,FALSE
"Ant_017","IC11LAB401A",0,462,0.999999999878546,0.999999999183002,2.83354778546514e-05,4.03788832416223e-05,FALSE,1,1,1,TRUE,"prior",FALSE,TRUE,FALSE
"Ant_023","IC00COPR01A",0,1985,0.999999999864762,0.999999998833924,2.89070224004184e-05,4.82801680815806e-05,FALSE,1,1,1,TRUE,"prior",FALSE,TRUE,FALSE
"Ant_023","WEB2fbd7e47",0,195,0.191201269531855,-0.121253449714976,1.85966568063821,1.49363569370692,FALSE,0.979334677419355,0.979334677419355,0.491898734177215,FALSE,NA,NA,NA,FALSE
"Ant_024","IC96MOSS01A",0,567,1,1,0,0,TRUE,1,1,1,TRUE,"identical",TRUE,FALSE,FALSE
"Ant_025","IC11STTA01A",0,172,0.999999999308317,0.999999999154301,2.44403229439055e-05,4.10061730529975e-05,FALSE,1,1,1,TRUE,"prior",FALSE,TRUE,FALSE
"Ant_025","Rzr1TEfhyeB",0,111,0.999145523044973,0.999178526587407,0.0276077449958072,0.040348617633785,FALSE,1,1,0.164775879230259,TRUE,"curated",TRUE,FALSE,FALSE
"Ant_030","Ant_031",0,1220,0.0505290548472371,-0.0782739167005989,1.5807234043932,1.46791645578032,FALSE,1,1,0.592913251781415,FALSE,NA,NA,NA,FALSE
"Ant_030","IC13STWD02A",0,1220,0.999999999594331,0.999999999358217,2.88299631575216e-05,3.58121880871455e-05,FALSE,1,1,1,TRUE,"curated",TRUE,FALSE,FALSE
"Ant_030","IC13STWD02A2",0,1220,0.999999999594331,0.999999999358217,2.88299631575216e-05,3.58121880871455e-05,FALSE,1,1,1,TRUE,"curated",TRUE,FALSE,FALSE
"Ant_031","IC13STWD02A",0,1220,0.0505289263512257,-0.078276149020426,1.5807226386045,1.46791797527238,FALSE,1,0.592913251781415,1,FALSE,NA,NA,NA,FALSE
"Ant_031","IC13STWD02A2",0,1220,0.0505289263512257,-0.078276149020426,1.5807226386045,1.46791797527238,FALSE,1,0.592913251781415,1,FALSE,NA,NA,NA,FALSE
"Ant_035","GHf6960784",2.27309222724827,445,1,1,1.11865960142075e-14,7.49700997763934e-15,FALSE,1,1,0.0127874894237579,TRUE,"curated",TRUE,FALSE,FALSE
"Ant_035","IC00STTY01A",0,775,-0.0429439028657066,-0.0331671483096972,1.87944693588883,1.43654607098611,FALSE,0.998865175278067,0.660783270136266,0.998865175278067,FALSE,NA,NA,NA,FALSE
"Ant_037","IC13ST0101A",0.422540721249129,329,1,1,0,0,FALSE,1,1,0.999912875691158,TRUE,"curated",TRUE,FALSE,FALSE
"Ant_050","IC13ST2401A",0,410,1,1,0,0,FALSE,1,1,0.999705687928821,TRUE,"curated",TRUE,FALSE,FALSE
"Arc_005","IC09VICC01A",0,726,1,1,0,0,TRUE,1,1,1,TRUE,"identical",TRUE,FALSE,FALSE
"Arc_005","PYT295BX2KQ",0,33,0.395867751139157,0.256585686154582,1.10844225332501,1.20015217079981,FALSE,0.907586206896552,0.907586206896552,0.0948126801152738,FALSE,NA,NA,NA,FALSE
"Arc_018","IC05ISAU01A",0.392672410899289,554,1,1,0,0,TRUE,1,1,1,TRUE,"prior",FALSE,TRUE,FALSE
"Arc_026","IC00SC1601A",0.0224507234962837,515,1,1,0,0,TRUE,1,1,1,TRUE,"identical",TRUE,FALSE,FALSE
"Arc_027","IC00SC1801A",0.344224829587386,1114,0.404635505968342,0.0209665887388809,1.38326014096924,1.39868064730299,FALSE,1,0.997323818019625,1,FALSE,NA,NA,NA,FALSE
"Arc_027","NPM11111",0.344224829587386,1114,0.404635505968342,0.0209665887388809,1.38326014096924,1.39868064730299,FALSE,1,0.997323818019625,1,FALSE,NA,NA,NA,FALSE
"Arc_028","IC00SC2101A",0.0502028705776953,597,0.593759703489413,0.298900975607643,1.18865350393999,1.18315061065564,FALSE,1,1,0.959742351046699,FALSE,NA,NA,NA,FALSE
"Arc_031","GH26a3a772",0,100,0.459889344417408,0.297789921618387,1.0930085772765,1.17908188628852,FALSE,0.99749373433584,0.99749373433584,0.0476760900814566,FALSE,NA,NA,NA,FALSE
"Arc_031","IC06VING01A",0,99,0.412818886017769,0.248259279180118,1.09816881556287,1.21989335364863,FALSE,0.982456140350877,0.982456140350877,0.168096054888508,FALSE,NA,NA,NA,FALSE
"Arc_031","IC09KANG01A",0,1996,1,1,0,0,TRUE,1,1,1,TRUE,"identical",TRUE,FALSE,FALSE
"Arc_032","IC08VI7701A",0,98,NA,NA,2.10977341853362,NA,FALSE,0.983772819472617,0.983772819472617,0.166666666666667,FALSE,NA,NA,NA,FALSE
"Arc_032","IC08VI7901A",0,98,0.452088281857454,0.215615169911523,0.775972069768767,1.24603241413791,FALSE,0.983772819472617,0.983772819472617,0.166666666666667,FALSE,NA,NA,NA,FALSE
"Arc_032","IC08VI8401A",0,98,0.307047468387212,0.0888301054145505,0.941496854232988,1.3429641771228,FALSE,0.983772819472617,0.983772819472617,0.166666666666667,FALSE,NA,NA,NA,FALSE
"Arc_032","IC08VI8701A",0,98,0.0893552684060939,-0.179118947213703,1.087283640218,1.52771926856901,FALSE,0.983772819472617,0.983772819472617,0.166666666666667,FALSE,NA,NA,NA,FALSE
"Arc_032","IC09KA7901A",0,1973,1,1,0,0,TRUE,1,1,1,TRUE,"identical",TRUE,FALSE,FALSE
"Arc_032","IC09VIA800A",0,99,0.26340787241431,-0.0619134131638706,0.975915524577364,1.44988107237051,FALSE,0.993914807302231,0.993914807302231,0.168096054888508,FALSE,NA,NA,NA,FALSE
"Arc_032","IC95FI8701A",0,658,0.130948094927376,0.0324205579195871,1.33591623733537,1.39004080402287,FALSE,1,0.33316430020284,1,FALSE,NA,NA,NA,FALSE
"Arc_032","PYTT52RRIXK",0,98,0.243594630161467,-0.0445442808346789,1.00947450463605,1.4378983156636,FALSE,0.988843813387424,0.988843813387424,0.167525773195876,FALSE,NA,NA,NA,FALSE
"Arc_032","WEBa1e48de5",7.93457481192895,79,-0.0887645149589873,-0.245896572380611,NA,1.56838996388103,FALSE,0.988843813387424,0.988843813387424,0.1625,FALSE,NA,NA,NA,FALSE
"Arc_033","IC10VICR01A",0,1421,0.482213738348293,0.270970095791536,3.03791959306129,1.20707622200711,FALSE,1,1,0.999296270232231,FALSE,NA,NA,NA,FALSE
"Arc_033","IC10VICR01B",0,1421,0.0387177027157045,-0.0566023333182487,5.73650801518694,1.45317462623597,FALSE,1,1,0.999296270232231,FALSE,NA,NA,NA,FALSE
"Arc_034","IC06VID301A",0,98,0.227098046525883,0.271858658654188,1.4149691440351,1.20052882479294,FALSE,0.990895295902883,0.990895295902883,0.168010291595197,FALSE,NA,NA,NA,FALSE
"Arc_034","IC09KAD301A",0,198,0.362301433908308,0.372802356257343,29.0432933634245,1.11715164535364,FALSE,1,0.99645928174001,1,FALSE,NA,NA,NA,FALSE
"Arc_034","PYTAUVXNNEA",0.593705952254258,99,0.167991746108844,0.0920372464839378,1.42181684701815,1.34066985306583,FALSE,0.995953464845726,0.995953464845726,0.168867924528302,FALSE,NA,NA,NA,FALSE
"Arc_035","IC10VIGR01A",0,1979,1,1,0,0,TRUE,1,1,1,TRUE,"identical",TRUE,FALSE,FALSE
"Arc_035","PYTZPNPWL0E",0.332888551132559,99,0.33840912530914,0.337532810736692,3.09911600462148,1.14517013581835,FALSE,0.995449949443883,0.995449949443883,0.0607716049382716,FALSE,NA,NA,NA,FALSE
"Arc_043","IC76FIDE01A",0,395,1,1,0,0,TRUE,1,1,1,TRUE,"identical",TRUE,FALSE,FALSE
"Arc_043","IC76FIDE02A",0,90,0.492600265067242,0.441291457742641,0.945837085102691,1.05112408229195,FALSE,1,0.227918781725888,1,FALSE,NA,NA,NA,FALSE
"Arc_044","IC98FIPE01A",0,80,1,1,0,0,TRUE,1,1,1,TRUE,"identical",TRUE,FALSE,FALSE
"Arc_044","PYTSIOJ5D6Y",0,80,0.695740179796661,0.594839959808476,0.289814286910602,0.89446233245211,FALSE,1,1,0.167089678510998,FALSE,NA,NA,NA,FALSE
"Arc_056","IC08VIRE01A",0,98,0.554347286793996,0.491498886442923,0.49314710414493,1.00325354127047,FALSE,0.988383838383838,0.988383838383838,0.0329461279461279,FALSE,NA,NA,NA,FALSE
"Arc_056","IC09VIRE01A",0,397,1,1,0,0,TRUE,1,1,1,TRUE,"identical",TRUE,FALSE,FALSE
"Arc_056","PYTUAENTJO2",3.50335762309648,98,0.554347286793996,0.491498886442923,0.49314710414493,1.00325354127047,FALSE,0.988383838383838,0.988383838383838,0.167838765008576,FALSE,NA,NA,NA,FALSE
"Arc_066","IC11DILO01A",0.533536789412927,1229,0.999999999977421,0.999999999865632,NA,1.63864895053067e-05,FALSE,1,1,1,TRUE,"prior",FALSE,TRUE,FALSE
"Arc_089","IC13OPAN01A",0,1099,1,1,0,0,TRUE,1,1,1,TRUE,"identical",TRUE,FALSE,FALSE
"Arc_151","IC11KIPW01A",0,1845,0.999999999557795,0.999999980132638,2.85752895472869e-05,0.000199281652811845,FALSE,1,1,1,TRUE,"prior",FALSE,TRUE,FALSE
"Asia_236","IC00THDS03A",0,547,1,1,0,0,TRUE,1,1,1,TRUE,"identical",TRUE,FALSE,FALSE
"Asia_236","IC00THDS03B",0,55,0.204479863397192,-0.228683124850256,1.73676972880952,1.55301624824039,FALSE,1,1,0.553191489361702,FALSE,NA,NA,NA,FALSE
"Asia_247","IC97THGL01A",0.473681338872338,98,0.75254564090578,0.376455262967326,0.79855936292955,1.11096034202361,FALSE,0.994387755102041,0.492171717171717,0.994387755102041,FALSE,NA,NA,NA,FALSE
"Asia_305","IC06THPR01A",0,200,1,1,0,0,TRUE,1,1,1,TRUE,"identical",TRUE,FALSE,FALSE
"Asia_305","IC06THPR02B",0,200,0.0399683490361138,0.0776730336523215,1.53883608613783,1.35476356422186,FALSE,1,1,1,FALSE,NA,NA,NA,FALSE
"GH26a3a772","IC06VING01A",0,584,0.947296586039727,0.527416893167107,0.246141108320978,0.97136244642337,FALSE,1,0.279348346909439,1,FALSE,NA,NA,NA,FALSE
"GH26a3a772","IC09KANG01A",0,100,0.459889344417408,0.297789921618387,1.0930085772765,1.17908188628852,FALSE,0.99749373433584,0.0476760900814566,0.99749373433584,FALSE,NA,NA,NA,FALSE
"GHf6960784","IC00STTY01A",2.27309222724827,294,-0.0468737007944674,-0.0438643202974791,1.91107417128532,1.44242964711378,FALSE,1,0.0084593589679522,1,FALSE,NA,NA,NA,FALSE
"IC00COPR01A","WEB2fbd7e47",0,195,0.1912017714844,-0.121251269940928,1.85966219532947,1.49363424185413,FALSE,0.979334677419355,0.979334677419355,0.491898734177215,FALSE,NA,NA,NA,FALSE
"IC06VID301A","IC09KAD301A",0,98,0.651719081441862,0.645039862970221,28.3642310523091,0.838213283328059,FALSE,0.99238578680203,0.167667238421955,0.99238578680203,FALSE,NA,NA,NA,FALSE
"IC06VID301A","PYTAUVXNNEA",0.593705952254258,583,0.98694189906249,0.544137037038725,0.197998886806649,0.954022739000978,FALSE,0.999142367066895,0.999142367066895,0.999142367066895,TRUE,"subset",FALSE,TRUE,FALSE
"IC06VING01A","IC09KANG01A",0,99,0.412818886017769,0.248259279180118,1.09816881556287,1.21989335364863,FALSE,0.982456140350877,0.168096054888508,0.982456140350877,FALSE,NA,NA,NA,FALSE
"IC07KADF01A","IC08HODF02A",0,79,-0.0627083888812022,0.0208796331066876,1.37722528469253,1.39037228228754,FALSE,0.740078521383803,0.740078521383803,0.654414195457627,FALSE,NA,NA,NA,FALSE
"IC07KADF01A","WEB13e37e8c",0.819119245651217,14,0.518275416243568,0.315500306163406,NA,1.12414044605981,FALSE,1,1,0.0080259533108978,FALSE,NA,NA,NA,FALSE
"IC08HODF02A","WEB13e37e8c",0.819119245651217,15,0.299070692705649,0.366205454219059,NA,1.0849179755139,FALSE,1,1,0.00907656909072854,FALSE,NA,NA,NA,FALSE
"IC08VI7701A","IC08VI7901A",0,583,NA,NA,3.03931686375158,NA,FALSE,1,1,1,FALSE,NA,NA,NA,FALSE
"IC08VI7701A","IC08VI8401A",0,583,NA,NA,3.39759449765528,NA,FALSE,1,1,1,FALSE,NA,NA,NA,FALSE
"IC08VI7701A","IC08VI8701A",0,583,NA,NA,3.51307679624704,NA,FALSE,1,1,1,FALSE,NA,NA,NA,FALSE
"IC08VI7701A","IC09KA7901A",0,98,NA,NA,2.10977341853362,NA,FALSE,0.983772819472617,0.166666666666667,0.983772819472617,FALSE,NA,NA,NA,FALSE
"IC08VI7701A","IC09VIA800A",0,583,NA,NA,3.4397150496286,NA,FALSE,1,1,0.998284734133791,FALSE,NA,NA,NA,FALSE
"IC08VI7701A","IC95FI8701A",0,32,NA,NA,2.23732879582439,NA,FALSE,0.968036529680365,0.054639175257732,0.968036529680365,FALSE,NA,NA,NA,FALSE
"IC08VI7701A","PYTT52RRIXK",0,582,NA,NA,3.51416378090689,NA,FALSE,0.99914089347079,0.99914089347079,0.99914089347079,FALSE,NA,NA,NA,FALSE
"IC08VI7701A","WEBa1e48de5",7.93457481192895,466,NA,NA,NA,NA,FALSE,1,1,0.97,FALSE,NA,NA,NA,FALSE
"IC08VI7901A","IC08VI8401A",0,583,0.67271720088385,0.0557207977245077,0.778829001813094,1.37306717200532,FALSE,1,1,1,FALSE,NA,NA,NA,FALSE
"IC08VI7901A","IC08VI8701A",0,583,0.706642590867646,-0.0192935865144979,0.818838968036215,1.42656385974396,FALSE,1,1,1,FALSE,NA,NA,NA,FALSE
"IC08VI7901A","IC09KA7901A",0,98,0.452088281857454,0.215615169911523,0.775972069768767,1.24603241413791,FALSE,0.983772819472617,0.166666666666667,0.983772819472617,FALSE,NA,NA,NA,FALSE
"IC08VI7901A","IC09VIA800A",0,583,0.746245305713988,0.0293316685866862,0.735702252585712,1.39212105537621,FALSE,1,1,0.998284734133791,FALSE,NA,NA,NA,FALSE
"IC08VI7901A","IC95FI8701A",0,32,0.204503377059375,-0.172051944941976,0.976638291858864,1.50614993787855,FALSE,0.968036529680365,0.054639175257732,0.968036529680365,FALSE,NA,NA,NA,FALSE
"IC08VI7901A","PYTT52RRIXK",0,582,0.742257183545467,0.0601022414509403,0.770211456215255,1.36987593186529,FALSE,0.99914089347079,0.99914089347079,0.99914089347079,FALSE,NA,NA,NA,FALSE
"IC08VI7901A","WEBa1e48de5",7.93457481192895,466,0.658441153259015,-0.137572910695241,NA,1.50673588749914,FALSE,1,1,0.97,FALSE,NA,NA,NA,FALSE
"IC08VI8401A","IC08VI8701A",0,583,0.709497831177922,0.0969065541656853,0.61685099156733,1.34278943910258,FALSE,1,1,1,FALSE,NA,NA,NA,FALSE
"IC08VI8401A","IC09KA7901A",0,98,0.307047468387212,0.0888301054145505,0.941496854232988,1.3429641771228,FALSE,0.983772819472617,0.166666666666667,0.983772819472617,FALSE,NA,NA,NA,FALSE
"IC08VI8401A","IC09VIA800A",0,583,0.922301909914116,0.790912521449163,0.308065674315157,0.646108693200826,FALSE,1,1,0.998284734133791,FALSE,NA,NA,NA,FALSE
"IC08VI8401A","IC95FI8701A",0,32,0.312132986629422,-0.0163975218425155,0.743896265029608,1.40257656119649,FALSE,0.968036529680365,0.054639175257732,0.968036529680365,FALSE,NA,NA,NA,FALSE
"IC08VI8401A","PYTT52RRIXK",0,582,0.743551677875764,0.0443527181956755,0.563922085537267,1.38130550566773,FALSE,0.99914089347079,0.99914089347079,0.99914089347079,FALSE,NA,NA,NA,FALSE
"IC08VI8401A","WEBa1e48de5",7.93457481192895,466,0.651370404394021,-0.0116190783620163,NA,1.42087547199768,FALSE,1,1,0.97,FALSE,NA,NA,NA,FALSE
"IC08VI8701A","IC09KA7901A",0,98,0.0893552684060939,-0.179118947213703,1.087283640218,1.52771926856901,FALSE,0.983772819472617,0.166666666666667,0.983772819472617,FALSE,NA,NA,NA,FALSE
"IC08VI8701A","IC09VIA800A",0,583,0.92670916041201,0.685630093627145,0.308823363170266,0.7922496473897,FALSE,1,1,0.998284734133791,FALSE,NA,NA,NA,FALSE
"IC08VI8701A","IC95FI8701A",0,32,0.287296789549061,0.255364995908089,0.757560808202879,1.20051199085136,FALSE,0.968036529680365,0.054639175257732,0.968036529680365,FALSE,NA,NA,NA,FALSE
"IC08VI8701A","PYTT52RRIXK",0,582,0.953214075189625,0.618857403939566,0.243986437006853,0.872337761085109,FALSE,0.99914089347079,0.99914089347079,0.99914089347079,FALSE,NA,NA,NA,FALSE
"IC08VI8701A","WEBa1e48de5",7.93457481192895,466,0.720283472825182,-0.042548415182155,NA,1.44243292778528,FALSE,1,1,0.97,FALSE,NA,NA,NA,FALSE
"IC08VIRE01A","IC09VIRE01A",0,98,0.554347286793996,0.491498886442923,0.49314710414493,1.00325354127047,FALSE,0.988383838383838,0.0329461279461279,0.988383838383838,FALSE,NA,NA,NA,FALSE
"IC08VIRE01A","PYTUAENTJO2",3.50335762309648,584,0.957609675783069,0.999966191614383,0.245118087281067,0.00821588647033927,FALSE,1,0.196296296296296,1,TRUE,"subset",TRUE,FALSE,FALSE
"IC09KA7901A","IC09VIA800A",0,99,0.26340787241431,-0.0619134131638706,0.975915524577364,1.44988107237051,FALSE,0.993914807302231,0.993914807302231,0.168096054888508,FALSE,NA,NA,NA,FALSE
"IC09KA7901A","IC95FI8701A",0,658,0.130948094927376,0.0324205579195871,1.33591623733537,1.39004080402287,FALSE,1,0.33316430020284,1,FALSE,NA,NA,NA,FALSE
"IC09KA7901A","PYTT52RRIXK",0,98,0.243594630161467,-0.0445442808346789,1.00947450463605,1.4378983156636,FALSE,0.988843813387424,0.988843813387424,0.167525773195876,FALSE,NA,NA,NA,FALSE
"IC09KA7901A","WEBa1e48de5",7.93457481192895,79,-0.0887645149589873,-0.245896572380611,NA,1.56838996388103,FALSE,0.988843813387424,0.988843813387424,0.1625,FALSE,NA,NA,NA,FALSE
"IC09KAD301A","PYTAUVXNNEA",0.593705952254258,99,0.67318407896054,0.663520744536047,28.373366546229,0.816144342225694,FALSE,0.99746192893401,0.99746192893401,0.16852487135506,FALSE,NA,NA,NA,FALSE
"IC09VIA800A","IC95FI8701A",0,33,0.348887094945596,0.145263900357726,0.718788911146993,1.28687652595613,FALSE,0.998477929984779,0.0562607204116638,0.998477929984779,FALSE,NA,NA,NA,FALSE
"IC09VIA800A","PYTT52RRIXK",0,583,0.900939935063273,0.41456462185122,0.355315854945005,1.08113780383186,FALSE,1,0.998284734133791,1,FALSE,NA,NA,NA,FALSE
"IC09VIA800A","WEBa1e48de5",7.93457481192895,467,0.731826423725102,-0.035659399805523,NA,1.43766265496573,FALSE,0.999142367066895,0.999142367066895,0.970833333333333,FALSE,NA,NA,NA,FALSE
"IC09VICC01A","PYT295BX2KQ",0,33,0.395867751139157,0.256585686154582,1.10844225332501,1.20015217079981,FALSE,0.907586206896552,0.907586206896552,0.0948126801152738,FALSE,NA,NA,NA,FALSE
"IC09VIRE01A","PYTUAENTJO2",3.50335762309648,98,0.554347286793996,0.491498886442923,0.49314710414493,1.00325354127047,FALSE,0.988383838383838,0.988383838383838,0.167838765008576,FALSE,NA,NA,NA,FALSE
"IC10VIGR01A","PYTZPNPWL0E",0.332888551132559,99,0.33840912530914,0.337532810736692,3.09911600462148,1.14517013581835,FALSE,0.995449949443883,0.995449949443883,0.0607716049382716,FALSE,NA,NA,NA,FALSE
"IC11STTA01A","Rzr1TEfhyeB",0,111,0.99914543143936,0.999178431131709,0.0276095432235075,0.0403509618323423,FALSE,1,1,0.164775879230259,TRUE,"subset",TRUE,FALSE,FALSE
"IC95FI8701A","PYTT52RRIXK",0,33,0.350268279072997,0.370154049476662,0.724715945607782,1.10468390462565,FALSE,0.983257229832572,0.983257229832572,0.0554982817869416,FALSE,NA,NA,NA,FALSE
"IC95FI8701A","WEBa1e48de5",7.93457481192895,26,0.192312231660317,-0.063741339219878,NA,1.42911978899677,FALSE,0.983257229832572,0.983257229832572,0.0538333333333333,FALSE,NA,NA,NA,FALSE
"IC95THHU02D","IC95THHU02D_iso2k",0,192,1,1,0,0,TRUE,1,1,1,TRUE,"identical",FALSE,TRUE,FALSE
"IC98FIPE01A","PYTSIOJ5D6Y",0,80,0.695740179796661,0.594839959808476,0.289814286910602,0.89446233245211,FALSE,1,1,0.167089678510998,FALSE,NA,NA,NA,FALSE
"PYTT52RRIXK","WEBa1e48de5",7.93457481192895,466,0.722034095032962,-0.0670551469236451,NA,1.45928777468476,FALSE,1,1,0.97,FALSE,NA,NA,NA,FALSE
"Ant_013","GH1c49f7ab",0.28591862038871,70,0.496326259592722,0.324968596702293,4.41034413002583,1.15347157700725,FALSE,0.994028471409223,0.994028471409223,0.0425398019260711,FALSE,NA,NA,NA,FALSE
"Ant_013","GH437973f1",0.28591862038871,33,0.533267907647898,0.378828744170009,NA,1.09705027604509,FALSE,0.996181530085812,0.996181530085812,0.00238144927130678,FALSE,NA,NA,NA,FALSE
"Ant_022","WEB03081f2f",0,144,0.304748621266576,0.358684708815305,NA,1.12856596516882,FALSE,1,0.712506228201295,1,FALSE,NA,NA,NA,FALSE
"GH1c49f7ab","GH437973f1",0,771,0.969798872089503,-0.0281968703244754,NA,1.43308167925884,FALSE,1,1,0.055860678936626,FALSE,NA,NA,NA,FALSE
"PYTZZK6DD6Y","RShtOmHDliM",7.93457481192895,453,0.770141419843536,0.0484285751526058,NA,1.37801754584784,FALSE,0.995594713656388,0.995594713656388,0.995594713656388,FALSE,NA,NA,NA,FALSE
"Arc_042","Arc_079",0,99,0.072530686471844,-0.0973273637573179,0.0432064964859341,1.47385897952266,FALSE,0.958985496090473,0.958985496090473,0.520874489326293,FALSE,NA,NA,NA,FALSE
"LPDd2a984fe","WEB02525b7b-dup-dup",0,148,0.802147887214851,0.394445278442337,NA,1.09675457754515,FALSE,0.999588326777056,0.974823128462712,0.999588326777056,FALSE,NA,NA,NA,FALSE
"Arc_073","PYTQ80LZ9WG",2.25215181841431,162,0.998585378943108,0.996074927995835,NA,0.088325451314404,FALSE,0.999999928865597,0.999999928865597,0.228963595727148,TRUE,"curated",TRUE,FALSE,FALSE
"Arc_039","RHLePxbL9rI",2.69167703615642,71,0.728897734182275,0.280148338558213,0.180115314772598,1.19127500290935,FALSE,1,1,0.444804891551486,FALSE,NA,NA,NA,FALSE
"Arc_040","PYTI3HL2Q73",0.350906681436246,30,0.310947118482101,-0.0205179924544126,0.247567326344225,1.40380035393395,FALSE,0.993346035778554,0.993346035778554,0.293195064081828,FALSE,NA,NA,NA,FALSE
"GH8c73b2a9","M2L7p5fn09cP",0,136,0.625569476017813,0.472873902473921,16.5870123296203,1.02295792657042,FALSE,0.997067448680352,0.989090909090909,0.997067448680352,FALSE,NA,NA,NA,FALSE
"GH8c73b2a9","M2LbakiygplP",0,136,0.622240694703701,0.493432057209796,0.214034895093122,1.0028116350127,FALSE,0.997067448680352,0.989090909090909,0.997067448680352,FALSE,NA,NA,NA,FALSE
"GH8c73b2a9","M2Lsys9r95jP",0,136,0.490773004855984,0.350140361082425,35.8345146123736,1.13582204927927,FALSE,0.997067448680352,0.989090909090909,0.997067448680352,FALSE,NA,NA,NA,FALSE
"lcR20Z924i7ZXG81AON","lcRmG0zRQQ5f6hPZV0d",0,61,0.208397869582395,-0.0937522600977661,0.359427896900263,1.46664450754967,FALSE,1,0.218918918918919,1,FALSE,NA,NA,NA,FALSE
"lcR9Q28Ec5biIUwt2vN","lcRlZrcfXewvBCRS55H",7.78842183744938,42,-0.0612029536200309,0.0961538360408922,1.43572823414807,1.32800687917636,FALSE,1,1,0.86254295532646,FALSE,NA,NA,NA,FALSE
"NAm_3810","NAm_3816",0,48,0.628963692791078,0.15853094084963,0.300786464053743,1.2834059857638,FALSE,0.982227488151659,0.915011037527594,0.982227488151659,FALSE,NA,NA,NA,FALSE
"NAm_3810","NAm_3819",0,41,0.613114674774761,0.191856994981492,0.454465019892482,1.25534013708879,FALSE,1,0.786975717439294,1,FALSE,NA,NA,NA,FALSE
"NAm_3816","NAm_3819",0,41,0.719947315480953,0.422584008076717,0.350283737890335,1.06111318164011,FALSE,1,0.84478672985782,1,FALSE,NA,NA,NA,FALSE
"NAm_3853","RW5NY4lp9VS",3.88493034313605,98,0.229369430513528,0.0780426657302154,0.531591538039139,1.35089053552351,FALSE,0.998673469387755,0.978993698109433,0.998673469387755,FALSE,NA,NA,NA,FALSE
"NAm_3867","R3YK7ZO5clD",0,196,0.895285438853716,0.866733134951131,24.9867374152203,0.51494357987668,FALSE,1,1,1,FALSE,NA,NA,NA,FALSE
"NAm_3867","RAk2fpbI0za",0,196,1,1,0,0,FALSE,1,1,1,TRUE,"curated",TRUE,FALSE,FALSE
"NAm_3867","RiuqXXChSJC",0,196,0.949779088065589,0.937043118090264,13.2109543695171,0.35393227065378,FALSE,1,1,1,FALSE,NA,NA,NA,FALSE
"NAm_3868","R3YK7ZO5clD",0,196,1,1,0,0,FALSE,1,1,1,TRUE,"curated",TRUE,FALSE,FALSE
"NAm_3868","RAk2fpbI0za",0,196,0.895285438853716,0.866733134951131,24.9867374152203,0.51494357987668,FALSE,1,1,1,FALSE,NA,NA,NA,FALSE
"NAm_3868","RiuqXXChSJC",0,196,0.989727585863953,0.986344383003651,11.7757937333519,0.164836817436144,FALSE,1,1,1,TRUE,"curated",TRUE,FALSE,FALSE
"GHdaff1a81","T2L_ODP_175_1078C_uk37_SST_from_uk37",0.0311133857171345,99,0.997531829791193,0.899795391064284,0.674552039759029,0.445380989549775,FALSE,1,1,1,TRUE,"subset",TRUE,FALSE,FALSE
"LPDb7ba9166","RLcBkd6hOuO",1.26319498429213,351,0.90304178413137,0.601552501465372,0.378284838503164,0.891413570807898,FALSE,1,1,0.239289705699739,FALSE,NA,NA,NA,FALSE
"LPDc9f78438dp","T2L_GIK17940_2_uk37_SST_from_uk37",2.54735004965918,96,0.998530263145597,0.980176908284734,0.464170361083451,0.19806275567076,FALSE,0.999965520808192,0.999965520808192,0.353105900114447,TRUE,"subset",TRUE,FALSE,FALSE
"O2kLR_045","PYT041CE8JO",7.62226393674887,21,0.645881296659381,0.334749352681957,1.01632809266002,1.12426697447905,FALSE,0.943551452348564,0.943551452348564,0.186635156042878,FALSE,NA,NA,NA,FALSE
"O2kLR_074","O2kLR_076_iso2k",0,51,1,1,0,0,FALSE,1,1,1,TRUE,"curated",TRUE,FALSE,FALSE
"O2kLR_105","PYT44KBHOVP",0.435009063638209,23,0.968317384791402,0.960507503128726,0.0471784804376401,0.274581075011099,FALSE,1,1,0.147627416520211,TRUE,"curated",TRUE,FALSE,FALSE
"O2kLR_105","RRd6osZyB8H",0.405933894448411,29,0.999995771068289,0.99998925618061,0.000488671942571005,0.00455194717765286,FALSE,1,1,0.210526315789474,TRUE,"curated",TRUE,FALSE,FALSE
"O2kLR_114","O2kLR_114_iso2k",0,124,1,1,0,0,FALSE,1,1,1,TRUE,"curated",TRUE,FALSE,FALSE
"O2kLR_114","RfOqYf6ktxg",0.523659131109556,124,0.994202847617878,0.993426142431548,0.0362885511883391,0.11419642351634,FALSE,0.99722953317634,0.99722953317634,0.442833709247488,TRUE,"curated",TRUE,FALSE,FALSE
"O2kLR_114_iso2k","RfOqYf6ktxg",0.523659131109556,124,0.994202847617878,0.993426142431548,0.0362885511883391,0.11419642351634,FALSE,0.99722953317634,0.99722953317634,0.442833709247488,TRUE,"subset",TRUE,FALSE,FALSE
"PYT44KBHOVP","RRd6osZyB8H",0.0451668087842812,110,0.98010428764266,0.876329853056816,0.12130313954898,0.495046580513627,FALSE,1,0.701230228471002,1,TRUE,"subset",TRUE,FALSE,FALSE
"Arc_053","PYTH91MXU0Z",0.336497148071692,292,-0.452031564494961,-0.0194645448075531,NA,1.42545517658086,FALSE,0.999712453049503,0.999712453049503,0.372703056890271,FALSE,NA,NA,NA,FALSE
"Arc_053","PYTMVGBLPHG_SST_from_d18O",0.336497148071692,292,-0.441022947884185,-0.0175237388510573,NA,1.42409767481052,FALSE,0.999712453049503,0.999712453049503,0.372703056890271,FALSE,NA,NA,NA,FALSE
"LPD0fe90f66","LPD28794972dp_SST_from_d18O2",3.68044773240438,289,0.169644767098017,0.0240608218917517,NA,1.39466877817386,FALSE,0.910133662205122,0.90487732563924,0.910133662205122,FALSE,NA,NA,NA,FALSE
"LPD28794972dp_SST_from_d18O2","NAm2kHydro069",3.68044773240438,289,0.0953303049949528,0.00311506055715469,NA,1.40955562742526,FALSE,0.910133662205122,0.910133662205122,0.90487732563924,FALSE,NA,NA,NA,FALSE
"LPD493f1394xxxx","O2kLR_082",5.82453676962948,15,1,1,0,0,FALSE,1,0.0701983867451493,1,TRUE,"curated",FALSE,TRUE,FALSE
"LPDa0c5bf8a","O2kLR_007",0.63663269586662,25,-0.0773357622986184,-0.177591933289055,0.661243655985735,1.50234856324046,FALSE,0.748023194517659,0.123048907388137,0.748023194517659,FALSE,NA,NA,NA,FALSE
"GH37fc751b","T2L_KY07_04_PC1_mgca_ruber_SST_from_mgca_ruber",5.79176420691287,166,0.986658120154724,0.994742609336443,0.464796858150818,0.102230403401715,FALSE,0.999994946669369,0.999994946669369,0.696084154985877,TRUE,"subset",FALSE,TRUE,FALSE
"GH37fc751b","WEB-99d4b-f3b6-4af1-85a2-5fad7",1.93818578347892,84,0.634043867998542,0.116045048288817,1.04318123904882,1.32159365317182,FALSE,0.971834550770009,0.971834550770009,0.0323196489630282,FALSE,NA,NA,NA,FALSE
"GH6d77af79","O2kLR_131",4.43087185443601,16,0.999982661698808,0.999983796443992,0.00239445074179145,0.005499694344323,FALSE,1,0.0560280132400581,1,TRUE,"curated",FALSE,TRUE,FALSE
"LPD1a0245b7","LPDf5f8b9a6",2.21046831045231,33,1,1,0,0,FALSE,1,1,0.108266703270306,TRUE,"curated",TRUE,FALSE,FALSE
"LPD1a0245b7","T2L_MD98_2181_mgca_ruber_SST_from_mgca_ruber",0,30,0.998395438670867,0.9992177773821,1.78479516992437,0.0388651366697495,FALSE,1,1,0.0577141184648593,TRUE,"curated",TRUE,FALSE,FALSE
"LPD47182517","LPD47182517_iso2k",0,108,1,1,0,0,FALSE,1,1,1,TRUE,"curated",TRUE,FALSE,FALSE
"LPD47182517","LPDba471ae7_iso2k",0,108,0.997515085913517,0.996067906442568,NA,0.0882648856512229,FALSE,1,0.999154691462384,1,TRUE,"prior",TRUE,FALSE,FALSE
"LPD572f7cc3","LPD97433e99_iso2k",0,107,0.998374760956689,0.995914413864415,NA,0.0899671370018535,FALSE,1,1,0.898306459038517,TRUE,"curated",TRUE,FALSE,FALSE
"LPD9cc3baf6_iso2k","LPD9cc3baf6-dup",0,11,1,1,0,0,FALSE,1,0.00999619499674318,1,TRUE,"curated",FALSE,TRUE,FALSE
"LPDb17a5e9e-dup","PYTCKIHL13P",1.16765117109235,15,0.999981087340564,0.999990476440947,0.00270143932348472,0.00420554510973319,FALSE,1,1,0.0925373888865484,TRUE,"curated",TRUE,FALSE,FALSE
"LPDb17a5e9e-dup","T2L_RAPiD_12_1K_mgca_bulloides_SST_from_mgca_bulloides",1.16765117109235,15,0.99864848347476,0.998839924805324,2.30474754436339,0.0464157878478981,FALSE,1,1,0.0923700588730025,TRUE,"curated",TRUE,FALSE,FALSE
"LPDf5f8b9a6","T2L_MD98_2181_mgca_ruber_SST_from_mgca_ruber",2.21046831045231,272,0.993678388733211,0.998969994668819,1.95660375561419,0.0453035224568765,FALSE,1,1,0.533073574067976,TRUE,"subset",TRUE,FALSE,FALSE
"NAm2kHydro109","T2L_MV99_GC41_mgca_bulloides_SST_from_mgca_bulloides",1.6802233669288,9,NA,NA,NA,NA,FALSE,1,NA,NA,FALSE,NA,NA,NA,FALSE
"O2kLR_101","O2kLR_101_iso2k",0,131,1,1,1.98754279578484e-15,2.72830716299938e-15,FALSE,1,1,1,TRUE,"curated",TRUE,FALSE,FALSE
"O2kLR_135","O2kLR_135_iso2k",0,39,0.883984165048838,0.796222157675302,0.182078874300819,0.629944866677521,FALSE,0.993885581928221,0.993885581928221,0.153822877517587,FALSE,NA,NA,NA,FALSE
"O2kLR_148","O2kLR_148_iso2k",0,311,0.999959111457197,0.999973674901709,0.00390612207215619,0.00724433276689959,FALSE,1,0.999564091497626,1,TRUE,"curated",TRUE,FALSE,FALSE
"PYTCKIHL13P","T2L_RAPiD_12_1K_mgca_bulloides_SST_from_mgca_bulloides",0,183,0.99464964200597,0.996213859362975,2.17483774906016,0.0867794637744671,FALSE,1,1,0.998191757779647,TRUE,"subset",TRUE,FALSE,FALSE
"T2L_KY07_04_PC1_mgca_ruber_SST_from_mgca_ruber","WEB-99d4b-f3b6-4af1-85a2-5fad7",4.71396952317,122,0.85829606588812,0.182203004553425,1.33102874940248,1.27360774384553,FALSE,0.980397895560411,0.980397895560411,0.0468395514751888,FALSE,NA,NA,NA,FALSE
"lcRcQ9KW8oxXFg1yWqC","lcRRdpJsmxp9JmCSaCc",0.0422731941173177,62,0.665146345594848,0.682928912515506,0.815702102554462,0.789776171841643,FALSE,0.915841584158416,0.915841584158416,0.255878284923928,FALSE,NA,NA,NA,FALSE
"lcR26hacBbYjoOCqq0R","lcRR05QblzbZTjMF6WG",5.43894093069639,21,-0.0952723916851713,0.11443563431598,0.632659834040747,1.29714004440524,FALSE,1,1,0.1265664160401,FALSE,NA,NA,NA,FALSE
"R5Ek0KGz0Mt","RB06CbW36T4",2.35078690758938,35,0.411967329341092,-0.489002774273051,1.54894542010744,1.70012268676689,FALSE,1,1,0.619313806380638,FALSE,NA,NA,NA,FALSE
"R5Ek0KGz0Mt","RjpliLMztwC",2.35078690758938,35,0.383985741376855,-0.482158065092924,9.21521814727313,1.69621058882763,FALSE,1,1,0.619313806380638,FALSE,NA,NA,NA,FALSE
"R5Ek0KGz0Mt","RLmz8TJDPA5",2.35078690758938,35,0.324989253304366,-0.455868894473985,17.9277880589421,1.68110036649041,FALSE,1,1,0.619313806380638,FALSE,NA,NA,NA,FALSE
"RB06CbW36T4","RKQKWjMOAcW",2.35078690758938,35,0.381689153677908,-0.325484214031498,17.2770141246821,1.60405697168588,FALSE,1,0.619313806380638,1,FALSE,NA,NA,NA,FALSE
"RB06CbW36T4","RljZTHj20qj",2.35078690758938,35,0.405756790635186,-0.443114951319653,8.56130411107612,1.67372064211917,FALSE,1,0.619313806380638,1,FALSE,NA,NA,NA,FALSE
"RjpliLMztwC","RKQKWjMOAcW",2.35078690758938,35,0.36376139859868,-0.30154749442943,8.54171230756475,1.5895072731949,FALSE,1,0.619313806380638,1,FALSE,NA,NA,NA,FALSE
"RjpliLMztwC","RljZTHj20qj",2.35078690758938,35,0.381623936720318,-0.428034447437031,1.33762884103868,1.66495251240215,FALSE,1,0.619313806380638,1,FALSE,NA,NA,NA,FALSE
"RKQKWjMOAcW","RLmz8TJDPA5",2.35078690758938,35,0.321549135693261,-0.254577995263813,1.1793247318256,1.56056313070759,FALSE,1,1,0.619313806380638,FALSE,NA,NA,NA,FALSE
"RljZTHj20qj","RLmz8TJDPA5",2.35078690758938,35,0.328850991962614,-0.390711869349275,9.17861097048903,1.64305117332011,FALSE,1,1,0.619313806380638,FALSE,NA,NA,NA,FALSE
"Eur_001","S2LRsiwBinOC1B",5.74719569136069,811,0.4302983707934,-0.0431859399124151,0.271670617167349,1.44353597533001,FALSE,1,1,0.203648577979806,FALSE,NA,NA,NA,FALSE
"Eur_001","SP05MAAT01A",5.41439680900062,811,1,1,0,0,FALSE,1,1,1,TRUE,"prior",FALSE,TRUE,FALSE
"GH7a27907e","SP10WINZ01A",0,1128,-0.124809603098335,-0.154435676979701,0.768563485471677,1.51882278952449,FALSE,0.998127212336836,0.998127212336836,0.99812670253337,FALSE,NA,NA,NA,FALSE
"LPD94e74028cc","S2LRVHXdyY64M6",0,268,0.982715314400422,0.677356956610983,0.14382445789086,0.801791297629811,FALSE,1,1,0.128787707129094,TRUE,"subset",TRUE,FALSE,FALSE
"LPDe1fb72db-dup_lev","S2LRVHXdyY64M6",0,2075,0.833076232790329,-0.128702235527498,0.985493945355992,1.50210387148862,FALSE,0.999421965317919,0.59586444572085,0.999421965317919,FALSE,NA,NA,NA,FALSE
"S2LRsiwBinOC1B","SP05MAAT01A",1.11194926644616,811,0.4302983707934,-0.0431859399124151,0.271670617167349,1.44353597533001,FALSE,1,0.203648577979806,1,FALSE,NA,NA,NA,FALSE
"Asia_001","Asia_007",7.56469972941125,504,0.840573319896552,0.910236303019413,0.160012493311844,0.423285341883105,FALSE,1,1,0.865748709122203,FALSE,NA,NA,NA,FALSE
"Asia_004","Asia_005",3.3358477993361,463,0.158045305391884,0.221508492115722,0.454314471824149,1.24644009990887,FALSE,1,1,0.918489065606362,FALSE,NA,NA,NA,FALSE
"Asia_009","Asia_011",1.41517233256929,414,0.942814826937935,0.95447233201105,0.104575412541441,0.301388226394844,FALSE,1,0.928089887640449,1,FALSE,NA,NA,NA,FALSE
"Asia_009","Asia_012",1.41517233256929,414,0.930102916204197,0.935422335165012,0.121993030607934,0.358946520948176,FALSE,1,0.928089887640449,1,FALSE,NA,NA,NA,FALSE
"Asia_009","Asia_013",1.41517233256929,414,0.830910652865851,0.70167902567031,0.177334068866296,0.77149030780086,FALSE,1,0.928089887640449,1,FALSE,NA,NA,NA,FALSE
"Asia_009","Asia_014",1.41517233256929,414,0.089246901842368,-0.21077256361214,0.303832258101081,1.55424638388882,FALSE,1,0.928089887640449,1,FALSE,NA,NA,NA,FALSE
"Asia_009","Asia_015",1.41517233256929,414,0.630913030905537,0.520122280190883,0.255549039509451,0.978484326174064,FALSE,1,0.928089887640449,1,FALSE,NA,NA,NA,FALSE
"Asia_009","Asia_016",1.41517233256929,414,-0.197526204773678,-0.387070195103916,0.317499606298969,1.6635574361164,FALSE,1,0.928089887640449,1,FALSE,NA,NA,NA,FALSE
"Asia_009","Asia_017",1.41517233256929,414,0.636493308671257,0.532801127004991,0.255574185416305,0.965471533352493,FALSE,1,0.928089887640449,1,FALSE,NA,NA,NA,FALSE
"Asia_011","Asia_012",0,414,0.987098513412522,0.976008872365315,0.0554125284496092,0.218783169998351,FALSE,1,1,1,TRUE,"prior",TRUE,FALSE,FALSE
"Asia_011","Asia_013",0,414,0.856320223520027,0.698514930087996,0.166025207619859,0.775570863105703,FALSE,1,1,1,FALSE,NA,NA,NA,FALSE
"Asia_011","Asia_014",0,414,0.134570288617044,-0.21603359475541,0.309727400792911,1.55761946796053,FALSE,1,1,1,FALSE,NA,NA,NA,FALSE
"Asia_011","Asia_015",0,414,0.654727909712223,0.512319680385266,0.260351546060767,0.98640711229826,FALSE,1,1,1,FALSE,NA,NA,NA,FALSE
"Asia_011","Asia_016",0,414,-0.157575660381678,-0.388979606486868,0.323411506312714,1.66470205126318,FALSE,1,1,1,FALSE,NA,NA,NA,FALSE
"Asia_011","Asia_017",0,414,0.657217173808247,0.526475526695551,0.260797545815488,0.971985519380755,FALSE,1,1,1,FALSE,NA,NA,NA,FALSE
"Asia_012","Asia_013",0,414,0.782419238375793,0.561719539134263,0.211903462205519,0.935114163186599,FALSE,1,1,1,FALSE,NA,NA,NA,FALSE
"Asia_012","Asia_014",0,414,0.0818139679821914,-0.276505455459179,0.331392563889062,1.59587884453574,FALSE,1,1,1,FALSE,NA,NA,NA,FALSE
"Asia_012","Asia_015",0,414,0.631598907864472,0.460655489700577,0.281835953758419,1.0373414012641,FALSE,1,1,1,FALSE,NA,NA,NA,FALSE
"Asia_012","Asia_016",0,414,-0.1886211732158,-0.421793492391243,0.344307959557273,1.68425110546858,FALSE,1,1,1,FALSE,NA,NA,NA,FALSE
"Asia_012","Asia_017",0,414,0.639875726133071,0.488558152663536,0.28160265973711,1.0101519582247,FALSE,1,1,1,FALSE,NA,NA,NA,FALSE
"Asia_013","Asia_014",0,414,0.296466008834649,0.106402951998108,0.288424183559277,1.33524033399398,FALSE,1,1,1,FALSE,NA,NA,NA,FALSE
"Asia_013","Asia_015",0,414,0.626563925084054,0.499307946104712,0.250835305014158,0.999479589053193,FALSE,1,1,1,FALSE,NA,NA,NA,FALSE
"Asia_013","Asia_016",0,414,-0.0138696659570744,-0.12320787952566,0.302249233305589,1.49698914348509,FALSE,1,1,1,FALSE,NA,NA,NA,FALSE
"Asia_013","Asia_017",0,414,0.608666171807291,0.461525619550345,0.253588420391235,1.03650428690908,FALSE,1,1,1,FALSE,NA,NA,NA,FALSE
"Asia_014","Asia_015",0,414,0.385700792273231,0.241855767098166,0.0894089286466354,1.22988498045959,FALSE,1,1,1,FALSE,NA,NA,NA,FALSE
"Asia_014","Asia_016",0,414,0.786436161924643,0.830802924198631,0.0292666815225607,0.581011871912665,FALSE,1,1,1,FALSE,NA,NA,NA,FALSE
"Asia_014","Asia_017",0,414,0.33778448647209,0.161456404996478,0.0901855173308436,1.29345523548578,FALSE,1,1,1,FALSE,NA,NA,NA,FALSE
"Asia_015","Asia_016",0,414,-0.0319829527763119,-0.0577721575573861,0.108872027433533,1.45272913228351,FALSE,1,1,1,FALSE,NA,NA,NA,FALSE
"Asia_015","Asia_017",0,414,0.985599335489628,0.973653101197691,0.0163811043495286,0.229273220671225,FALSE,1,1,1,TRUE,"prior",TRUE,FALSE,FALSE
"Asia_016","Asia_017",0,414,-0.0859122725709731,-0.141292975103534,0.109788619914825,1.50899274607687,FALSE,1,1,1,FALSE,NA,NA,NA,FALSE
"Asia_018","Asia_019",0,414,0.991028729400883,0.980790875220041,0.0419423344639978,0.195768299690953,FALSE,1,1,1,TRUE,"prior",TRUE,FALSE,FALSE
"Asia_018","Asia_020",0,414,0.868199425290452,0.683591337767491,0.147653375591862,0.79453450468015,FALSE,1,1,1,FALSE,NA,NA,NA,FALSE
"Asia_018","Asia_021",0,414,0.120052784452333,-0.17821820345452,0.284334849716465,1.53320929743772,FALSE,1,1,1,FALSE,NA,NA,NA,FALSE
"Asia_018","Asia_022",0,414,0.59858865782544,0.484510594995227,0.242563577999626,1.01414125903559,FALSE,1,1,1,FALSE,NA,NA,NA,FALSE
"Asia_018","Asia_023",0,414,-0.14391703326123,-0.426577619245755,0.295061497724819,1.68708235492421,FALSE,1,1,1,FALSE,NA,NA,NA,FALSE
"Asia_018","Asia_024",0,414,0.598956888187378,0.492245176982316,0.244285831829949,1.00650423988523,FALSE,1,1,1,FALSE,NA,NA,NA,FALSE
"Asia_019","Asia_020",0,414,0.801318492219938,0.54181296829317,0.186173306357276,0.956114658404297,FALSE,1,1,1,FALSE,NA,NA,NA,FALSE
"Asia_019","Asia_021",0,414,0.0711645812801967,-0.240427113986999,0.300551718925033,1.57316474566727,FALSE,1,1,1,FALSE,NA,NA,NA,FALSE
"Asia_019","Asia_022",0,414,0.574405131939363,0.433096270190377,0.258824857313367,1.06351406342693,FALSE,1,1,1,FALSE,NA,NA,NA,FALSE
"Asia_019","Asia_023",0,414,-0.176230103513859,-0.455021095654166,0.310576318734146,1.70381809014565,FALSE,1,1,1,FALSE,NA,NA,NA,FALSE
"Asia_019","Asia_024",0,414,0.579527397090076,0.447298953475511,0.259962590210935,1.05010741101274,FALSE,1,1,1,FALSE,NA,NA,NA,FALSE
"Asia_020","Asia_021",0,414,0.318056534880715,0.183639948341799,0.272160358740146,1.27623147817117,FALSE,1,1,1,FALSE,NA,NA,NA,FALSE
"Asia_020","Asia_022",0,414,0.614928800583769,0.530004011220064,0.237776302537299,0.968357355488652,FALSE,1,1,1,FALSE,NA,NA,NA,FALSE
"Asia_020","Asia_023",0,414,0.029800734047575,-0.116162340364308,0.284077343690178,1.49228668030751,FALSE,1,1,1,FALSE,NA,NA,NA,FALSE
"Asia_020","Asia_024",0,414,0.596734721937536,0.507184563487082,0.24164048833725,0.991586787727015,FALSE,1,1,1,FALSE,NA,NA,NA,FALSE
"Asia_021","Asia_022",0,414,0.521202920053537,0.398748453632608,0.0799819424064652,1.09525862834779,FALSE,1,1,1,FALSE,NA,NA,NA,FALSE
"Asia_021","Asia_023",0,414,0.826183474932022,0.829281011511247,0.0240866992783487,0.583619097220953,FALSE,1,1,1,FALSE,NA,NA,NA,FALSE
"Asia_021","Asia_024",0,414,0.48674744225515,0.354091298732165,0.0772237166643703,1.13520461387472,FALSE,1,1,1,FALSE,NA,NA,NA,FALSE
"Asia_022","Asia_023",0,414,0.155325401266558,0.0376357833918731,0.095825273763175,1.38566520985907,FALSE,1,1,1,FALSE,NA,NA,NA,FALSE
"Asia_022","Asia_024",0,414,0.993215592408862,0.99083791312185,0.0118172476911999,0.135202830210174,FALSE,1,1,1,TRUE,"prior",FALSE,TRUE,FALSE
"Asia_023","Asia_024",0,414,0.122037675531513,-0.00603780564882322,0.09269314604474,1.4167581859715,FALSE,1,1,1,FALSE,NA,NA,NA,FALSE
"Asia_025","Asia_031",0,710,0.341482521899201,0.271702032291829,0.226218515823547,1.20604373812557,FALSE,1,1,0.980636237897649,FALSE,NA,NA,NA,FALSE
"Asia_026","Asia_027",5.16143285895132,484,0.354009455979725,0.390710207960586,0.32056034037008,1.10274958398603,FALSE,1,0.879781420765027,1,FALSE,NA,NA,NA,FALSE
"Asia_026","Asia_028",5.94694670693008,523,0.454918041974955,0.505288426738782,0.220444605494846,0.993744282942845,FALSE,1,0.950819672131147,1,FALSE,NA,NA,NA,FALSE
"Asia_026","Asia_029",0.984783295576155,550,0.65037470356184,0.688957262424764,0.163477343439945,0.788005298474206,FALSE,1,1,0.992766726943942,FALSE,NA,NA,NA,FALSE
"Asia_027","Asia_029",5.94694670693008,484,0.411368430514777,0.57100592363955,0.303508250735401,0.925317123873701,FALSE,1,1,0.873417721518987,FALSE,NA,NA,NA,FALSE
"Asia_028","Asia_029",5.16143285895132,523,0.602326972113324,0.698313564686788,0.190271990083472,0.77602640670346,FALSE,1,1,0.943942133815552,FALSE,NA,NA,NA,FALSE
"Asia_036","Asia_037",0,424,0.185953395451963,0.22350206743957,0.305498205071465,1.2447186349119,FALSE,0.997641509433962,0.770491803278688,0.997641509433962,FALSE,NA,NA,NA,FALSE
"Asia_042","Asia_073",0,660,0.54084202511553,0.521784744713426,0.210879503867766,0.97723035894398,FALSE,1,1,1,FALSE,NA,NA,NA,FALSE
"Asia_043","Asia_044",2.87843882219716,659,0.773059544033744,0.827156756829963,0.220159950131448,0.587504150571162,FALSE,1,0.917712691771269,1,FALSE,NA,NA,NA,FALSE
"Asia_043","Asia_045",4.278371889702,530,0.658505008874552,0.721207666208278,0.201171765527081,0.74600980710377,FALSE,1,0.737796373779637,1,FALSE,NA,NA,NA,FALSE
"Asia_043","Asia_056",3.80335962275206,663,0.665601067807739,0.77006456095984,0.206188900635068,0.677625419446613,FALSE,1,0.923291492329149,1,FALSE,NA,NA,NA,FALSE
"Asia_043","Asia_057",3.33584779933689,603,0.511299328910532,0.504813313576368,0.306082612223897,0.994348145447137,FALSE,1,0.839609483960948,1,FALSE,NA,NA,NA,FALSE
"Asia_043","Asia_058",3.33584779933689,483,0.665436193935163,0.763455753266246,0.20437160162996,0.687100416293186,FALSE,1,0.672245467224547,1,FALSE,NA,NA,NA,FALSE
"Asia_043","Asia_059",3.33584779933689,693,0.537656659196437,0.631563092234404,0.241774431861344,0.857793080513569,FALSE,1,0.96513249651325,1,FALSE,NA,NA,NA,FALSE
"Asia_043","Asia_060",3.33584779933689,503,0.655728614366551,0.68929813220422,0.216201373254697,0.787506113972816,FALSE,1,0.700139470013947,1,FALSE,NA,NA,NA,FALSE
"Asia_044","Asia_045",1.82770178659543,530,0.676797800509854,0.727439624458358,0.24830345858882,0.737624753566252,FALSE,1,0.803951367781155,1,FALSE,NA,NA,NA,FALSE
"Asia_044","Asia_046",7.39532255214838,559,0.699589099812695,0.753854538341838,0.240767076924874,0.701005478950247,FALSE,1,0.848024316109423,1,FALSE,NA,NA,NA,FALSE
"Asia_044","Asia_056",5.55974633222841,657,0.678950132047549,0.720243201093537,0.254785103588602,0.747436071341953,FALSE,0.996960486322188,0.996960486322188,0.990936555891239,FALSE,NA,NA,NA,FALSE
"Asia_044","Asia_057",5.85228600293864,603,0.550209753703202,0.467098800472266,0.32400576331299,1.03151925002718,FALSE,1,0.914893617021277,1,FALSE,NA,NA,NA,FALSE
"Asia_044","Asia_058",5.85228600293864,483,0.640347580754167,0.725201121889831,0.261492463540755,0.740579173291301,FALSE,1,0.732522796352584,1,FALSE,NA,NA,NA,FALSE
"Asia_044","Asia_059",5.85228600293864,657,0.524343435833574,0.61808860587649,0.299526038589299,0.873303168573518,FALSE,0.996960486322188,0.996960486322188,0.947976878612717,FALSE,NA,NA,NA,FALSE
"Asia_044","Asia_060",5.85228600293864,503,0.631456106032988,0.667548660270125,0.266776240741664,0.814603076430569,FALSE,1,0.762917933130699,1,FALSE,NA,NA,NA,FALSE
"Asia_045","Asia_046",5.59504351048009,530,0.641615438105297,0.697077022140149,0.202196033217906,0.777625031273277,FALSE,1,1,0.948028673835125,FALSE,NA,NA,NA,FALSE
"Asia_045","Asia_056",5.85228600293864,528,0.623006099884117,0.681244324551558,0.201638097462967,0.797685183477056,FALSE,0.996219281663516,0.996219281663516,0.79607250755287,FALSE,NA,NA,NA,FALSE
"Asia_045","Asia_057",6.65316976127837,528,0.588467262872417,0.615350857163588,0.26987927646197,0.876263953743278,FALSE,0.996219281663516,0.996219281663516,0.875415282392027,FALSE,NA,NA,NA,FALSE
"Asia_045","Asia_058",6.65316976127837,483,0.602933221872306,0.692461546110037,0.209275670870313,0.783454411315845,FALSE,1,0.911153119092628,1,FALSE,NA,NA,NA,FALSE
"Asia_045","Asia_059",6.65316976127837,528,0.596365313795524,0.697845300235456,0.211481686648936,0.776635501619827,FALSE,0.996219281663516,0.996219281663516,0.761560693641618,FALSE,NA,NA,NA,FALSE
"Asia_045","Asia_060",6.65316976127837,503,0.551938422125627,0.65281042434185,0.23598945708836,0.832463768530061,FALSE,1,0.948960302457467,1,FALSE,NA,NA,NA,FALSE
"Asia_051","Asia_078",0,920,0.864247620793509,0.92440032496568,0.120506647841159,0.388631990598361,FALSE,1,1,1,FALSE,NA,NA,NA,FALSE
"Asia_053","Asia_054",3.45874296647363,772,0.705135542112575,0.774275326105961,0.235279152907235,0.671463930804932,FALSE,0.998704663212435,0.920047732696897,0.998704663212435,FALSE,NA,NA,NA,FALSE
"Asia_053","Asia_055",3.45874296647363,839,0.718234836693705,0.746142459592195,0.257706654754293,0.71211601271425,FALSE,1,1,0.804222648752399,FALSE,NA,NA,NA,FALSE
"Asia_054","Asia_055",0,773,0.857057478614382,0.918792862777603,0.191225042339108,0.402745444741815,FALSE,1,1,0.740882917466411,FALSE,NA,NA,NA,FALSE
"Asia_056","Asia_057",1.82659544473668,603,0.621283366302712,0.544499455717177,0.267484582094697,0.953670696687726,FALSE,1,0.909365558912387,1,FALSE,NA,NA,NA,FALSE
"Asia_056","Asia_058",1.82659544473668,483,0.551687844022994,0.72494798121098,0.226081678748718,0.740920200085183,FALSE,1,0.72809667673716,1,FALSE,NA,NA,NA,FALSE
"Asia_056","Asia_059",1.82659544473668,663,0.485832720711651,0.602954305944173,0.235273782303761,0.890444750836767,FALSE,1,1,0.956647398843931,FALSE,NA,NA,NA,FALSE
"Asia_056","Asia_060",1.82659544473668,503,0.570148976229587,0.631387858054964,0.233365407716925,0.857762035543294,FALSE,1,0.758308157099698,1,FALSE,NA,NA,NA,FALSE
"Asia_057","Asia_058",0,483,0.565130002944337,0.680814412759643,0.273009748876055,0.798152086357541,FALSE,1,0.800664451827243,1,FALSE,NA,NA,NA,FALSE
"Asia_057","Asia_059",0,603,0.494879092930352,0.54987395043463,0.302814040763605,0.94802777583261,FALSE,1,1,0.869942196531792,FALSE,NA,NA,NA,FALSE
"Asia_057","Asia_060",0,503,0.684212939244545,0.752769599338473,0.240638324422596,0.702478341051958,FALSE,1,0.833887043189369,1,FALSE,NA,NA,NA,FALSE
"Asia_058","Asia_059",0,483,0.787824405209863,0.86055992498423,0.160963789763123,0.527542946601179,FALSE,1,1,0.696531791907514,FALSE,NA,NA,NA,FALSE
"Asia_058","Asia_060",0,483,0.673326166486511,0.800439819646286,0.207959976838991,0.631104040683104,FALSE,1,1,0.960159362549801,FALSE,NA,NA,NA,FALSE
"Asia_059","Asia_060",0,503,0.772822156023399,0.80626915605948,0.17376601575284,0.621843912770243,FALSE,1,0.725433526011561,1,FALSE,NA,NA,NA,FALSE
"Asia_062","Asia_090",1.11194926644537,451,0.706526828998447,0.847454721098379,0.151352761906036,0.551735968363404,FALSE,1,1,0.822669104204753,FALSE,NA,NA,NA,FALSE
"Asia_062","Asia_091",1.11194926644537,451,0.851230121107125,0.926725355951713,0.1103557038613,0.382391975611301,FALSE,1,1,0.912778904665314,FALSE,NA,NA,NA,FALSE
"Asia_062","Asia_092",1.11194926644537,451,0.74870238773976,0.893641181435256,0.143242533848456,0.460700478911407,FALSE,1,1,0.696594427244582,FALSE,NA,NA,NA,FALSE
"Asia_066","Asia_095",4.43845825862536,1144,0.676420109792562,0.725500802698741,0.253601399011164,0.740620065246977,FALSE,0.99738219895288,0.617837837837838,0.99738219895288,FALSE,NA,NA,NA,FALSE
"Asia_066","Asia_096",0.88769166153255,1156,0.660734103207017,0.731654710773975,0.27414265854083,0.732274478105417,FALSE,0.999134948096886,0.624324324324324,0.999134948096886,FALSE,NA,NA,NA,FALSE
"Asia_067","Asia_093",0,523,0.923486633553362,0.976197192081354,0.107772244091688,0.217978020312882,FALSE,1,1,1,FALSE,NA,NA,NA,FALSE
"Asia_068","Asia_100",0,629,0.955378419641882,0.979052827347208,0.0763777533596471,0.204518054373332,FALSE,1,1,1,TRUE,"subset",TRUE,FALSE,FALSE
"Asia_079","Asia_080",6.89915220415282,464,0.558925343899375,0.462830667458509,0.176516788788313,1.03538315574345,FALSE,1,0.803819444444444,1,FALSE,NA,NA,NA,FALSE
"Asia_081","Asia_082",3.926077822812,517,0.399389470162864,0.34635422040181,0.258480472645185,1.14226006164216,FALSE,1,1,0.843137254901961,FALSE,NA,NA,NA,FALSE
"Asia_084","Asia_085",0.882522973615394,1159,0.744446232260361,0.855454045610575,0.2191738488365,0.537440472228534,FALSE,1,1,0.987212276214834,FALSE,NA,NA,NA,FALSE
"Asia_090","Asia_091",0,494,0.682371458398137,0.833455096312109,0.163443926176682,0.576553699859143,FALSE,1,0.90127970749543,1,FALSE,NA,NA,NA,FALSE
"Asia_090","Asia_092",0,548,0.76692607185274,0.878624406253548,0.141376238724591,0.492247296634634,FALSE,1,1,0.846749226006192,FALSE,NA,NA,NA,FALSE
"Asia_091","Asia_092",0,494,0.68507862154719,0.846358338181071,0.165675216396223,0.553768932761797,FALSE,1,1,0.763157894736842,FALSE,NA,NA,NA,FALSE
"Asia_095","Asia_096",3.55076662161088,1145,0.799598342317189,0.847741712856234,0.222717742923864,0.551588966958957,FALSE,0.99825479930192,0.99825479930192,0.98961937716263,FALSE,NA,NA,NA,FALSE
"Asia_108","Asia_109",0,441,0.284298223926942,0.27984470580757,0.213362232311323,1.19876484567635,FALSE,1,0.946236559139785,1,FALSE,NA,NA,NA,FALSE
"Asia_111","Asia_117",5.29808767464934,920,0.442043080349088,0.487445548475493,0.249174262401794,1.01192561079531,FALSE,0.993513513513513,0.45995995995996,0.993513513513513,FALSE,NA,NA,NA,FALSE
"Asia_111","Asia_118",5.29808767464934,920,0.366142583490126,0.433527774301281,0.194957721169176,1.06381936908281,FALSE,0.996746203904555,0.45995995995996,0.996746203904555,FALSE,NA,NA,NA,FALSE
"Asia_111","Asia_119",4.79879083053241,859,0.419767757352984,0.460597840788725,0.275934922563464,1.0380495993603,FALSE,0.993055555555556,0.429429429429429,0.993055555555556,FALSE,NA,NA,NA,FALSE
"Asia_117","Asia_118",0,923,0.795768497174402,0.853055063012186,0.171112949208358,0.54182203849679,FALSE,1,0.996756756756757,1,FALSE,NA,NA,NA,FALSE
"Asia_121","Asia_122",0,405,0.250505756732737,0.483400163621512,0.267904082706599,1.01520551999307,FALSE,1,0.622496147919877,1,FALSE,NA,NA,NA,FALSE
"Asia_121","Asia_123",0,618,0.45969010311001,0.563880506279186,0.245193411537685,0.933180213029801,FALSE,1,0.950693374422188,1,FALSE,NA,NA,NA,FALSE
"Asia_121","Asia_124",0,650,0.52130837361631,0.574680398295297,0.239295076936726,0.921590207881137,FALSE,1,1,0.955817378497791,FALSE,NA,NA,NA,FALSE
"Asia_121","Asia_125",0,650,0.622603193944652,0.702594832080729,0.214828210438015,0.77064507590059,FALSE,1,1,0.774463007159905,FALSE,NA,NA,NA,FALSE
"Asia_121","Asia_126",3.33584779933689,576,0.492745583867181,0.55659819746878,0.215268082218944,0.940883275397751,FALSE,1,0.88597842835131,1,FALSE,NA,NA,NA,FALSE
"Asia_121","Asia_128",3.39871242184687,569,0.206467356472387,0.364748095366651,0.277122817968885,1.12617361307464,FALSE,1,0.875192604006163,1,FALSE,NA,NA,NA,FALSE
"Asia_121","Asia_131",0,650,0.607621983883453,0.775847448438086,0.200965504119871,0.669039864472266,FALSE,1,1,0.990839694656489,FALSE,NA,NA,NA,FALSE
"Asia_122","Asia_123",0,405,0.264497000468977,0.424217045739235,0.280925784320871,1.07178145993335,FALSE,1,1,0.654781199351702,FALSE,NA,NA,NA,FALSE
"Asia_122","Asia_124",0,405,0.185116826903426,0.45025619856832,0.3076156773285,1.04726601152519,FALSE,1,1,0.59499263622975,FALSE,NA,NA,NA,FALSE
"Asia_122","Asia_125",0,405,0.225853581761629,0.492192235617084,0.320072595932027,1.00652949730356,FALSE,1,1,0.482100238663485,FALSE,NA,NA,NA,FALSE
"Asia_122","Asia_126",3.33584779933689,405,0.109236051372504,0.430647792778246,0.291053645727653,1.06577945146275,FALSE,1,1,0.702608695652174,FALSE,NA,NA,NA,FALSE
"Asia_122","Asia_128",3.39871242184687,405,0.391458703996016,0.541382686351312,0.238950271183703,0.956537633633168,FALSE,1,1,0.711267605633803,FALSE,NA,NA,NA,FALSE
"Asia_122","Asia_131",0,405,0.214845860407208,0.587120278562403,0.289538926784391,0.907587727912941,FALSE,1,1,0.616793893129771,FALSE,NA,NA,NA,FALSE
"Asia_123","Asia_124",0,618,0.507638112927884,0.575379835059637,0.258555105767507,0.920795268993699,FALSE,1,1,0.908689248895434,FALSE,NA,NA,NA,FALSE
"Asia_123","Asia_125",0,618,0.535089994950776,0.635277470023275,0.252865916091979,0.853383158448597,FALSE,1,1,0.736276849642005,FALSE,NA,NA,NA,FALSE
"Asia_123","Asia_126",3.33584779933689,576,0.419169721494306,0.486197365614629,0.253407184959087,1.01282680117228,FALSE,1,0.93192868719611,1,FALSE,NA,NA,NA,FALSE
"Asia_123","Asia_128",3.39871242184687,569,0.270109197989171,0.404200797472342,0.289538242160014,1.09064225140023,FALSE,1,0.920583468395462,1,FALSE,NA,NA,NA,FALSE
"Asia_123","Asia_131",0,618,0.5161274269597,0.71875987765929,0.242688324765215,0.749378814306793,FALSE,1,1,0.941984732824428,FALSE,NA,NA,NA,FALSE
"Asia_124","Asia_125",0,680,0.588336990765757,0.694935593671417,0.24568915978385,0.780532025593608,FALSE,1,1,0.810262529832936,FALSE,NA,NA,NA,FALSE
"Asia_124","Asia_126",3.33584779933689,576,0.535652428059397,0.555988095612452,0.239370024607417,0.941530360393357,FALSE,1,0.846833578792342,1,FALSE,NA,NA,NA,FALSE
"Asia_124","Asia_128",3.39871242184687,569,0.1918616835566,0.322961507652645,0.317728905347778,1.16262334672127,FALSE,1,0.836524300441826,1,FALSE,NA,NA,NA,FALSE
"Asia_124","Asia_131",0,656,0.643539497223895,0.826755388756655,0.215611690115898,0.588183841419773,FALSE,1,0.964653902798233,1,FALSE,NA,NA,NA,FALSE
"Asia_125","Asia_126",3.33584779933689,576,0.604491543429132,0.652245607093717,0.223919523769143,0.833246185299098,FALSE,1,0.686157517899761,1,FALSE,NA,NA,NA,FALSE
"Asia_125","Asia_128",3.39871242184687,569,0.318223388999978,0.426105832710541,0.294720742983021,1.07040533466007,FALSE,1,0.677804295942721,1,FALSE,NA,NA,NA,FALSE
"Asia_125","Asia_131",0,656,0.813685362195925,0.8911598422213,0.157283726849625,0.466205940757701,FALSE,1,0.781622911694511,1,FALSE,NA,NA,NA,FALSE
"Asia_126","Asia_128",4.76172446664564,569,0.368149766298347,0.47505294060379,0.244497382650659,1.02374103837528,FALSE,1,0.987826086956522,1,FALSE,NA,NA,NA,FALSE
"Asia_126","Asia_131",3.33584779933689,576,0.561423085153571,0.652555374600313,0.21349802399554,0.832874989271803,FALSE,1,1,0.877862595419847,FALSE,NA,NA,NA,FALSE
"Asia_128","Asia_131",3.39871242184687,569,0.283213740528327,0.460645109228238,0.279707055518544,1.03769487066487,FALSE,1,1,0.867175572519084,FALSE,NA,NA,NA,FALSE
"Asia_129","Asia_130",0,1126,0.778233623910418,0.813013622990563,0.183632909068807,0.611261264757615,FALSE,1,0.864719446579554,1,FALSE,NA,NA,NA,FALSE
"Asia_129","Asia_132",0,656,0.653181122416501,0.803310214287272,0.223203847003301,0.626720824551967,FALSE,1,0.503458877786318,1,FALSE,NA,NA,NA,FALSE
"Asia_130","Asia_132",0,656,0.910413976255318,0.905931995296633,0.0920441801395448,0.433415249914007,FALSE,1,0.582222222222222,1,TRUE,"subset",TRUE,FALSE,FALSE
"Asia_136","Asia_138",1.64877724355153,478,0.811440904675958,0.829949475496569,0.128247953811762,0.582570209420397,FALSE,1,0.677556818181818,1,FALSE,NA,NA,NA,FALSE
"Asia_141","Asia_142",1.43038622744306,487,0.52526938895651,0.569546201305756,0.407999952188265,0.92689599339896,FALSE,1,0.741984732824427,1,FALSE,NA,NA,NA,FALSE
"Asia_146","Asia_156",1.11194926644616,448,0.227775056123045,0.372313455480337,0.374085900777768,1.11918034655915,FALSE,1,1,0.789752650176678,FALSE,NA,NA,NA,FALSE
"Asia_167","Asia_172",4.02861643949942,468,0.474327485120182,0.533090514730767,0.207786446297532,0.965307908484051,FALSE,1,0.809358752166378,1,FALSE,NA,NA,NA,FALSE
"Asia_167","Asia_173",6.57254899410745,432,0.0298301306671429,-0.0139360583739432,0.263895948735973,1.42238077779259,FALSE,1,0.746967071057192,1,FALSE,NA,NA,NA,FALSE
"Asia_169","Asia_171",5.94582650260472,453,0.131381950267717,0.317836138579767,0.290740513787838,1.16675160110235,FALSE,1,1,0.817359855334539,FALSE,NA,NA,NA,FALSE
"Asia_176","Asia_177",6.67169559867338,451,0.394819105831426,0.469318402999141,0.27248814128268,1.02907949601873,FALSE,1,1,0.924024640657084,FALSE,NA,NA,NA,FALSE
"Asia_176","Asia_182",6.67169559867338,451,0.494701310928169,0.626332047408215,0.246845387303097,0.863524845460516,FALSE,1,1,0.918367346938776,FALSE,NA,NA,NA,FALSE
"Asia_177","Asia_182",0,488,0.739182883290369,0.765534037576632,0.146591799694611,0.684082616075772,FALSE,1,1,0.993877551020408,FALSE,NA,NA,NA,FALSE
"Asia_179","Asia_180",3.94524416404408,439,0.238223451056236,0.338059476890366,0.260053477065662,1.14928607698563,FALSE,1,0.924050632911392,1,FALSE,NA,NA,NA,FALSE
"Asia_183","Asia_210",0,582,0.347001985031816,0.472878724872812,0.251382479904128,1.02587914453254,FALSE,1,0.449342614075793,1,FALSE,NA,NA,NA,FALSE
"Asia_183","Asia_211",0,1258,0.575522308863705,0.610065019243306,0.230080818039855,0.882751120024881,FALSE,1,0.97215777262181,1,FALSE,NA,NA,NA,FALSE
"Asia_183","Asia_212",0,1294,0.395817048286917,0.529390912287478,0.268010810296633,0.969788761432798,FALSE,1,1,0.805607476635514,FALSE,NA,NA,NA,FALSE
"Asia_184","Asia_185",0,501,0.534467613063481,0.666859363064173,0.152818621045093,0.815443873803654,FALSE,1,1,0.726744186046512,FALSE,NA,NA,NA,FALSE
"Asia_186","Asia_187",0,401,0.572421442440193,0.677799838237579,0.215377873582519,0.801741431333088,FALSE,1,1,0.641025641025641,FALSE,NA,NA,NA,FALSE
"Asia_186","Asia_188",0,401,0.674728550046736,0.687415256703136,0.232966540467845,0.789687636269711,FALSE,1,1,0.720720720720721,FALSE,NA,NA,NA,FALSE
"Asia_186","Asia_189",0,401,0.21883687254365,0.354508090830547,0.278942217311227,1.13479353134967,FALSE,1,1,0.531208499335989,FALSE,NA,NA,NA,FALSE
"Asia_187","Asia_188",0,556,0.504039921022849,0.530067149158599,0.27497231711548,0.968592922732794,FALSE,1,0.889423076923077,1,FALSE,NA,NA,NA,FALSE
"Asia_187","Asia_189",0,625,0.163526450953936,0.349645745294905,0.290430025995936,1.13957186725766,FALSE,1,1,0.828685258964143,FALSE,NA,NA,NA,FALSE
"Asia_188","Asia_189",0,556,0.318083217129847,0.355209367458718,0.305007804476159,1.1345737945306,FALSE,1,1,0.737051792828685,FALSE,NA,NA,NA,FALSE
"Asia_190","Asia_191",0,596,0.541358311172354,0.65961222269787,0.196931775397151,0.82439759461578,FALSE,1,1,0.986733001658375,FALSE,NA,NA,NA,FALSE
"Asia_192","Asia_193",0,470,0.403149481337028,0.510895043480901,0.220952006919381,0.987989968378192,FALSE,1,1,0.628686327077748,FALSE,NA,NA,NA,FALSE
"Asia_195","Asia_196",0,853,0.188983371589977,0.387730536623572,0.322078127240726,1.10593927251518,FALSE,1,0.886576482830385,1,FALSE,NA,NA,NA,FALSE
"Asia_197","Asia_207",6.1879520284953,646,0.268414272572609,0.402787003575065,0.394475338354199,1.09205044279335,FALSE,1,0.899581589958159,1,FALSE,NA,NA,NA,FALSE
"Asia_202","Asia_203",0,1023,0.381479630171966,0.655455007248688,0.418038494394594,0.829708219289606,FALSE,1,0.675033025099075,1,FALSE,NA,NA,NA,FALSE
"Asia_202","Asia_204",0,1437,0.367659545034891,0.424004893445445,0.52506340141408,1.07293429039818,FALSE,1,0.948480845442536,1,FALSE,NA,NA,NA,FALSE
"Asia_202","Asia_205",0,922,0.442414162095851,0.665546633624712,0.334729960446961,0.817423054270631,FALSE,1,0.608322324966975,1,FALSE,NA,NA,NA,FALSE
"Asia_203","Asia_204",0,1023,0.696268560211572,0.730807714675013,0.346287870629428,0.733387875255012,FALSE,1,1,0.711699164345404,FALSE,NA,NA,NA,FALSE
"Asia_203","Asia_205",0,922,0.474836363222816,0.65238539180675,0.308120368695752,0.833351278249077,FALSE,1,0.901174168297456,1,FALSE,NA,NA,NA,FALSE
"Asia_204","Asia_205",0,922,0.456488022997819,0.5590536375231,0.42510104579067,0.938581475795991,FALSE,1,0.641364902506964,1,FALSE,NA,NA,NA,FALSE
"Asia_208","Asia_209",0,509,0.00908301747436251,-0.118060390959586,0.242895544585667,1.4938938949458,FALSE,0.9921875,0.9921875,0.822006472491909,FALSE,NA,NA,NA,FALSE
"Asia_210","Asia_211",0,582,0.362186631334845,0.491619293330409,0.254761700526164,1.00747773856045,FALSE,1,1,0.462211614956245,FALSE,NA,NA,NA,FALSE
"Asia_210","Asia_212",0,582,0.315287265145362,0.509066889470954,0.272256139505213,0.990038515405185,FALSE,1,1,0.361993769470405,FALSE,NA,NA,NA,FALSE
"Asia_211","Asia_212",0,1258,0.532799296962784,0.644213921880948,0.24269887359286,0.843211757866233,FALSE,1,1,0.783177570093458,FALSE,NA,NA,NA,FALSE
"Asia_218","Asia_221",0,589,0.31540636616175,0.510163992166429,0.23131414633657,0.988941811633506,FALSE,1,1,0.378135048231511,FALSE,NA,NA,NA,FALSE
"Asia_220","Asia_225",6.27450710809296,714,0.61528097649172,0.6628833620432,0.203219520886818,0.820541069779954,FALSE,0.986168741355463,0.912932138284251,0.986168741355463,FALSE,NA,NA,NA,FALSE
"NAm_1840","NAm_2092",0,434,0.383367783572083,0.619603504840434,0.203493311068864,0.871226699905291,FALSE,1,0.48542600896861,1,FALSE,NA,NA,NA,FALSE
"NAm_2068","NAm_2176",0,560,0.490200123133106,0.75135969925251,0.189990634167657,0.704550219550018,FALSE,0.977272727272727,0.52389878163074,0.977272727272727,FALSE,NA,NA,NA,FALSE
"NAm_232","NAm_244",0,396,0.663638526648983,0.877610125467478,0.189608687948244,0.494125544267639,FALSE,1,1,0.662751677852349,FALSE,NA,NA,NA,FALSE
"NAm_232","NAm_256",4.66409386602079,382,0.73237315891225,0.809050386874648,0.191020036776935,0.617168426020658,FALSE,1,0.964556962025316,1,FALSE,NA,NA,NA,FALSE
"NAm_232","NAm_280",0,396,0.649990215650331,0.837960423452782,0.207998154614968,0.568558439865506,FALSE,1,1,0.885650224215247,FALSE,NA,NA,NA,FALSE
"NAm_232","NAm_448",4.66409386602079,395,0.566406839982024,0.83755984150673,0.221374726697185,0.569258946046603,FALSE,0.99746835443038,0.99746835443038,0.643790849673203,FALSE,NA,NA,NA,FALSE
"NAm_244","NAm_256",4.66409386602079,382,0.652050062806162,0.849651971990621,0.213976536365984,0.547637496456617,FALSE,1,0.639261744966443,1,FALSE,NA,NA,NA,FALSE
"NAm_244","NAm_280",0,447,0.707983583896013,0.865942360263125,0.207841441673593,0.517217675779364,FALSE,1,0.748322147651007,1,FALSE,NA,NA,NA,FALSE
"NAm_244","NAm_448",4.66409386602079,596,0.598187147714178,0.768908018810374,0.190167870030524,0.67926959494044,FALSE,0.998322147651007,0.998322147651007,0.972222222222222,FALSE,NA,NA,NA,FALSE
"NAm_256","NAm_280",4.66409386602079,382,0.671893834540781,0.841166786241324,0.217223543988278,0.562878901155824,FALSE,1,1,0.854260089686099,FALSE,NA,NA,NA,FALSE
"NAm_256","NAm_448",0,381,0.509023631071671,0.800446236750964,0.252583527412636,0.630917778742685,FALSE,0.99737532808399,0.99737532808399,0.620915032679739,FALSE,NA,NA,NA,FALSE
"NAm_280","NAm_448",4.66409386602079,446,0.665953960855239,0.824053067337169,0.223583147322906,0.592539528297138,FALSE,0.997757847533632,0.997757847533632,0.727124183006536,FALSE,NA,NA,NA,FALSE
"NAm_2824","NAm_2836",0,758,0.637739404875643,0.672787173030554,0.253288748217553,0.808431292724706,FALSE,0.99868073878628,0.940372670807453,0.99868073878628,FALSE,NA,NA,NA,FALSE
"NAm_3388","NAm_3400",0,307,0.361212703643332,0.635447691157195,0.27595054553862,0.852479866540302,FALSE,1,1,0.753694581280788,FALSE,NA,NA,NA,FALSE
"NAm_3388","NAm_3412",0,306,0.655775108693853,0.786294838247694,0.262601377871729,0.652693632711125,FALSE,0.996732026143791,0.996732026143791,0.661605206073753,FALSE,NA,NA,NA,FALSE
"NAm_3400","NAm_3412",0,406,0.0357357761515367,0.448649679000044,0.430089909262309,1.04879832397146,FALSE,0.997536945812808,0.997536945812808,0.878524945770065,FALSE,NA,NA,NA,FALSE
